"機関","所在地","緯度","経度","座標系","電話"
"飯田橋","文京区後楽1-9-20","35.703541","139.747345","JGD2011","03-3812-8609"
"上野","台東区東上野4-1-2","35.711868","139.780365","JGD2011","03-3847-8609"
"品川","港区芝大門1-3-4芝大門ビル","35.659363","139.754776","JGD2011","03-3433-8609"
"大森★","大田区大森北4-16-7","35.583435","139.727615","JGD2011","03-5493-8609"
"渋谷","渋谷区神南1-3-5","35.664665","139.700989","JGD2011","03-3476-8609"
"新宿","新宿区西新宿1-6-1新宿エルタワービル23階","35.692825","139.697128","JGD2011","03-5325-9593"
"池袋★","豊島区東池袋3-1-1サンシャイン60 ３階","35.727703","139.720245","JGD2011","03-5911-8609"
"王子","北区王子6-1-17","35.761341","139.739395","JGD2011","03-5390-8609"
"足立","足立区千住1-4-1東京芸術センター６～８階","35.746788","139.800110","JGD2011","03-3870-8609"
"墨田","墨田区江東橋2-19-12","35.696098","139.811279","JGD2011","03-5669-8609"
"木場","江東区木場2-13-19","35.671200","139.804596","JGD2011","03-3643-8609"
"八王子","八王子市子安町1-13-1","35.653713","139.341171","JGD2011","042-648-8609"
"立川","立川市緑町4-2立川地方合同庁舎1～3階","35.703758","139.413483","JGD2011","042-525-8609"
"青梅","青梅市東青梅3-12-16","35.790073","139.277069","JGD2011","0428-24-8609"
"三鷹","三鷹市下連雀4-15-18","35.695309","139.561829","JGD2011","0422-47-8609"
"町田★","町田市森野2-28-14町田合同庁舎１階","35.549896","139.441772","JGD2011","042-732-8609"
"府中","府中市美好町1-3-1","35.673573","139.472961","JGD2011","042-336-8609"
"マザーズハローワーク東京","渋谷区渋谷1-13-7ヒューリック渋谷ビル３階","35.659843","139.703537","JGD2011","03-3409-8609"
"マザーズハローワーク日暮里","荒川区西日暮里2-29-3日清ビル５階","35.729816","139.772110","JGD2011","03-5850-8611"
"ハローワーク木場マザーズコーナー","江戸川区船堀3-7-17第５トヨダビル６階","35.682575","139.865402","JGD2011","03-5659-8609"
"ハローワーク八王子マザーズコーナー","八王子市旭町10-2八王子ＴＣビル３階（八王子しごと情報館内）","35.656883","139.339798","JGD2011","042-680-8403"
"ハローワーク立川マザーズコーナー","立川市曙町2-17-16鈴春ビル5階立川ワークプラザ","35.700127","139.415771","JGD2011","042-523-1509"
"ハローワーク府中マザーズコーナー","調布市国領町2-5-15コクティー2階調布国領しごと情報広場内","35.650658","139.558014","JGD2011","042-480-8103"
"ハローワーIqoVojoEdZKsU2RgG239j0xQmNxBC97ayvbGWSL1PTuBxpFyWh&#xA;rVg3xjbYHFVwSP68z/VqSGJVN5RPiUMxEda+p8P2txTfxrirrdI1muSlt6DPIDJLRB6x9NR6nwEk&#xA;0ACfHQ/D4UxVSSGAaZJCun8IOMi/o/jD8a1NVChvS/ee7d96b4qvuI4mto1ez9dA8RW3pGeBV1Kv&#xA;R2CfuiOexrt8NTTFV06RtcW7NbesyMxSeiH0SUILVYhhyHw/CD18MVdwj+v8/qv7z0uP1yifZ5V9&#xA;KtfU/wArpx+nFXQJGtxcMtt6LOyl56IPWIQANVSWPEfD8QHTwxVbbxxLbSKln6CF5S1vSMcyzsWe&#xA;iMU/ek89zXf4qGuKrJIYDpaxHT+cIRANO4w/CBSicS3pfB7NTbbFVW4SNprYvbeuySExy0Q+ifTY&#xA;ep8ZBFQSnwVPxeFcVcUj+vK/1asgiZReUT4VLKTHWvqfF9rYU28aYq6FIxdXDLa+k7cOdzRB61Bt&#xA;upLnh0+ID2xVbY28EMcyxWxtg80sjoeJ5s7EtIOLMPjPxb0PiBiqn6Nv+h1h/Rv7gQqo0vjDsoAp&#xA;Dx5ej8PT7XH3xVWu0jf0edr9Z4yqy7IfTYVpL8ZX7P8Ak/F4Yq6RIzdwObb1HVXCXVE/dA8arUnm&#xA;OdP2R237Yq8h8kXv6I/Ly9tpdOunk1/Vriwh9DSkiVGu4QiTzxI1JYFC/FOd27jFKK1dwn5Van5Y&#xA;NpK135b+pWNzKukia2ndXif1bW1DcGTxYU4H4qbDFWf6Wit5Z0QOqtSKyIEkDT0IVKHin2GHZ+i9&#xA;cUJjcohv7Niqll9TixgaRhVd+Mw+GKvfl9roMVbVE/Skj8V5mBAX9Fg9A7bG4+ww/wAjqOvfFXWS&#xA;ItxfFVVS0wLFYGhLH0YxVnbaY0FOa7U+HqpxVDxRxfoKVPTj4NHMWjFpIsZ5Fi1bQn1G5E7rWr/T&#xA;iqrepG1jCrIjKJLchWt3mUESoQREp5IQdwx/uz8R2XFV90iG8smKqWV3Ks0LSMtY2HwyDaH/AFm6&#xA;/Z6nFWuCfpbnxXn6FOfoNzpz6fWPsU/4r698VbtUQXl6wVQzOhZlhaNmpGo+KQ7Tf6y9Ps9Riqyy&#xA;SNbGZVRFUyXBKrbvCpJlckmJjyck7lh/eH4hs2KqU0UR0GOMxxmMRRARm0keOg40AtAfUUDstar3&#xA;6YqiL1Ea4sSyqxWYlS0DTFT6MgqrrtCaGnNtqfD1YYq5kT9KRvxXmIHAf0WL0LrsLj7Cj/I6nr2x&#xA;Vq2RBf3jBVDN6fJhA0bGi7cpj8MtO3H7PQ4q6wRFinCqqgzSkhIGgBJc1JVvtk93GzdRiqG9KH/D&#xA;aRelF6X1ZFEX1OT0qcRt9Sr6gX/iutR0xVE6giN9W5KrcZ0K84GnoRXdeP8Adn/iw7Lirc6IdRtW&#xA;KqWVJQrmFnYV4V4zD4Y691P2u3TFXmflHTPOVv5IkhtYdInTUdUd9QHrS+mNLliCzkspUrdfDxK1&#xA;4riqprGlX5/LnVdGB0s+X4JLSHy1dz6hLEk1qkkZrc3Kt/eB1IWjUfYH3Us30nj/AIY0WhTj6NnQ&#xA;+s8C/ZSnEpXl7Idm6HFCY3FPr1puoP7ygMzxk/D2iA4y/wCy+z1GKrxFJ9eaXj+7MSqG9Vz8QZiR&#xA;6NPTHX7YNT06AYqttKfWL3dTSYVAmeUg+khoyMKQn/IXanxdWOKqEfEaNMOSUVJhy+tSso4lh8V0&#xA;R6if5R6p26YqqXlBZxVKj95AKtcPEKmVAAJVHJyeyn7f2Ts2Kr7mn1q03UfG9AZnjJ/dt0jUcZfk&#xA;3T7XUYqu9KT6/wCrx/d+lw5eq/2uVaejT0/9nXl26YqttqfWrvdT8aVAmeQj92vWNhxi+S9ftdTi&#xA;rreGVLaRHWjs8pVfWkkqHdiv7xwHWoP2Rsn2V2AxVZJbznS1gCVmCIpT6zMu60qPrIHqnp9oird+&#xA;uKr7un1iy3UVmNAZniJPpOaKiikx/wAhtqfF1UYq5qfpJN1r6L0HrOG+2v8AuinBh/l9R074quhi&#xA;kW6uJGWiScODeq71oKH92w4R/wCx+11OKrbHeOahU/vpfszPN+2erMKofFBsvQYqp/Vrj9DrbcP3&#xA;4hVDH9am+0AAR9a4+sf9fjyPXFVa7ikk9HgvLhKrt+9eGiitT8APP/Ub4T3xV0kUjXcEgWqIrh29&#xA;V1oW40/dAcH6dWPw9upxV4z5e8/aJpHlK2hn1e2mGo64LWeBLOCMpaTAK4mjEkRZKL8Vya7mpGKU&#xA;PrvnPQ38r+ctI/SVm2l6de2lvodkbC0uIlgDRFltoBJxuI1Nf3hUemd96YFZ/Z+bPJb+W9Ghuda0&#xA;7nGtizJJLHIyyRcGFVjkUoysv2j8K9TthQj7vzh5IfUrGRtd00vF6vBjMjkckoaSrIEj/wBmDy7b&#xA;4qvXzn5J/Skj/pzS+ZgQF/ViD0DtsbjnwYf5HUde+KrNP83eRorvUpI9c0xXnuFkmImjiLMLeKMM&#xA;zPIVlPFFHNKCg49VOKoaHzX5DHl24txrel+jMlw0icgqsZmdpK2xk9U8mYkqDVu3UYqq6h5s8iy6&#xA;bbwya3pjxpNaOqtKsoDRTxuhEaSB1KsoIYmiH4m2BxVVvfN/keS+0931zTWeGV3iJmjcqxhdCRIs&#xA;gWP4WIq9Qeg3IxVv/Gfkn9Lc/wBOaXz9CnP1IudOfT6xz4U/4r698Vas/N/kdL+/kTXNNDyyRmRh&#xA;NHGSREqgl2kKybDqgFOh3GKtWXnPyQtjMq63paqZLglVeOFSTK5JMTPyck7lh/eH4hs2KqU3nHyO&#xA;dBjjOtaUYxFEBGeDx0HGgFoH9RQOy1qvfpiqrqHm7yNLdaa8muaYzwXDSQsZo5Crm3ljqrpIBEeL&#xA;sOb1FDx6sMVbfzf5HOswznXNN9ZLaWNX9aMkK7xlh63qemASg+Ajkeo2BxVu285+SRf3jDXNLDN6&#xA;fJhJFGxou3KYvxlp24/Z6HFVumeb/I8MNwI9c0xQ9xO7ATJECzOSx4vIS1T+0uzdRiqh/jHyP/ht&#xA;Iv01pPpfVkURUT0qcRt9S9T1Av8AxXWo6YqidQ85+SW+rctc0tuM6FeckU9CK7rxf92f+LDsuKoi&#xA;DzJ5Y1DWbOCy1OwvLsxzenHCyTzUopbjIjERig3BHxf7HFWJeZvzF8x+X7drS/fRbfzFcakU0vTp&#xA;ZpQJtNkLLBI3DnIsrMpBPArsdsUpB5P/ADc89+YHuGgPlq/gtGj+uPZz3iNGs6VhAE6KsjFhQ0bb&#xA;oaHApCM1H8+dPhtJru2vtHktuE01qWnufWaONX4epAkLNHyb09yakN8KkkLhWnN+cGuza7ZW1k2j&#xA;y2bxQS30DPdi5X95JDdBGCcAyyREIjrXY8qYqlMH55+Zr3Vkg0+78tz2If8AeuJLwyembgRLxoOH&#xA;NldKKT9pqfMLSD0v/nIrU5GiF9qPlskxmWZIDqCkKsbSHgzxmMtQA8GZSPsn4sbWk5vvzb86Wrwz&#xA;G58sCxUv9akea9BHBppTGpRJF5pbRrz6/GGoCOiqCk/OzzgLK5P1vyxDeRzC1T1H1AxJcIEMscvw&#xA;Jt8E9GBoOI+0N8VpH2H5t+bp5I1lu/K4kkniVLVbqYMYZOar+8J4c5H4KlRTc17YVZTf6h+c66mR&#xA;YaXo0mm86KZJphLwDP8AFUMBuvD9nY8vAVUJlcah+Y6yAQaPp0kRkozNeSK6oWcCi+kQ3FeBJ5Lv&#xA;yAHQ4ql+q3f51CS1bSdP0Bont4/rkVzPdBkuubGX03RKPFwChaqG5HfbFOza3v5z+owk0zQlj5go&#xA;0VzcykoAvJTzjgozEnifvHdlCH1a/wDzzS746Vpegy2pLkPPNcKwX1nCA8f2vRCE025E4pWx3358&#xA;NI9dN8vhFSMpyluV5OYx6gqpk4gS1psar74qmmq3v5qfouOTStN0hdSM7CWC5uZ3jEA9TiQ6RoeZ&#xA;/d9v5sULdPv/AM025i/0vTUYGMI0MrlTUxCU7sTtWUqKb0XpU0VWX17+bn+jSafpmjEcLf63b3Fz&#xA;OCX4yG6EcqIwChhGsZKHqSwxShrHUPzse8l+u6TocdoTW3WO4uC1DIgpK9PhpHzNVjarU2GKE18o&#xA;XP5jTySHzbZ6bZxCCP0lsJJZWM5dxJUvsE4BCB4nrir/AP/Z</xmpGImg:image>
               </rdf:li>
            </rdf:Alt>
         </xmp:Thumbnails>
      </rdf:Description>
      <rdf:Description rdf:about=""
            xmlns:pdf="http://ns.adobe.com/pdf/1.3/">
         <pdf:Producer>Acrobat Distiller 9.4.5 (Windows)</pdf:Producer>
      </rdf:Description>
      <rdf:Description rdf:about=""
            xmlns:dc="http://purl.org/dc/elements/1.1/">
         <dc:format>application/postscript</dc:format>
         <dc:title>
            <rdf:Alt>
               <rdf:li xml:lang="x-default">27陦ｨ.xls</rdf:li>
            </rdf:Alt>
         </dc:title>
         <dc:creator>
            <rdf:Seq>
               <rdf:li>&lt;91E59363959F8E838D488FEA&gt;</rdf:li>
            </rdf:Seq>
         </dc:creator>
      </rdf:Description>
      <rdf:Description rdf:about=""
            xmlns:xmpMM="http://ns.adobe.com/xap/1.0/mm/"
            xmlns:stRef="http://ns.adobe.com/xap/1.0/sType/ResourceRef#"
            xmlns:stEvt="http://ns.adobe.com/xap/1.0/sType/ResourceEvent#">
         <xmpMM:DocumentID>xmp.did:74603F773B79E1118926B9FF2A5FFAF4</xmpMM:DocumentID>
         <xmpMM:InstanceID>xmp.iid:74603F773B79E1118926B9FF2A5FFAF4</xmpMM:InstanceID>
         <xmpMM:OriginalDocumentID>uuid:aa75956f-03e6-4e53-85ab-43746f2d3002</xmpMM:OriginalDocumentID>
         <xmpMM:DerivedFrom rdf:parseType="Resource">
            <stRef:instanceID>uuid:9a02072e-5bf4-4e14-85ed-a95b60ec23bd</stRef:instanceID>
            <stRef:documentID>uuid:aa75956f-03e6-4e53-85ab-43746f2d3002</stRef:documentID>
            <stRef:originalDocumentID>uuid:aa75956f-03e6-4e53-85ab-43746f2d3002</stRef:originalDocumentID>
         </xmpMM:DerivedFrom>
         <xmpMM:History>
            <rdf:Seq>
               <rdf:li rdf:parseType="Resource">
                  <stEvt:action>saved</stEvt:action>
                  <stEvt:instanceID>xmp.iid:74603F773B79E1118926B9FF2A5FFAF4</stEvt:instanceID>
                  <stEvt:when>2012-03-29T10:06:50+09:00</stEvt:when>
                  <stEvt:softwareAgent>Adobe Illustrator CS4</stEvt:softwareAgent>
                  <stEvt:changed>/</stEvt:changed>
               </rdf:li>
            </rdf:Seq>
         </xmpMM:History>
      </rdf:Description>
      <rdf:Description rdf:about=""
            xmlns:xmpTPg="http://ns.adobe.com/xap/1.0/t/pg/"
            xmlns:stDim="http://ns.adobe.com/xap/1.0/sType/Dimensions#"
            xmlns:stFnt="http://ns.adobe.com/xap/1.0/sType/Font#"
            xmlns:xmpG="http://ns.adobe.com/xap/1.0/g/">
         <xmpTPg:MaxPageSize rdf:parseType="Resource">
            <stDim:w>209.980292</stDim:w>
            <stDim:h>297.038889</stDim:h>
            <stDim:unit>Millimeters</stDim:unit>
         </xmpTPg:MaxPageSize>
         <xmpTPg:NPages>1</xmpTPg:NPages>
         <xmpTPg:HasVisibleTransparency>False</xmpTPg:HasVisibleTransparency>
         <xmpTPg:HasVisibleOverprint>False</xmpTPg:HasVisibleOverprint>
         <xmpTPg:Fonts>
            <rdf:Bag>
               <rdf:li rdf:parseType="Resource">
                  <stFnt:fontName>RyuminPro-Light</stFnt:fontName>
                  <stFnt:fontFamily>A-OTF 繝ｪ繝･繧ｦ繝溘Φ Pro</stFnt:fontFamily>
                  <stFnt:fontFace>L-KL</stFnt:fontFace>
                  <stFnt:fontType>Open Type</stFnt:fontType>
                  <stFnt:versionString>OTF 1.002;PS 1;Core 1.0.31;makeotf.lib1.4.1585</stFnt:versionString>
                  <stFnt:composite>False</stFnt:composite>
                  <stFnt:fontFileName>A-OTF-RyuminPro-Light.otf</stFnt:fontFileName>
               </rdf:li>
               <rdf:li rdf:parseType="Resource">
                  <stFnt:fontName>MS-Mincho</stFnt:fontName>
                  <stFnt:fontFamily>�ｭ�ｳ 譏取悃</stFnt:fontFamily>
                  <stFnt:fontFace>讓呎ｺ�</stFnt:fontFace>
                  <stFnt:fontType>TrueType</stFnt:fontType>
                  <stFnt:versionString>Version 2.50 - JIS90</stFnt:versionString>
                  <stFnt:composite>False</stFnt:composite>
                  <stFnt:fontFileName>msmin90.ttc</stFnt:fontFileName>
               </rdf:li>
               <rdf:li rdf:parseType="Resource">
                  <stFnt:fontName>MS-PMincho</stFnt:fontName>
                  <stFnt:fontFamily>�ｭ�ｳ �ｰ譏取悃</stFnt:fontFamily>
                  <stFnt:fontFace>讓呎ｺ�</stFnt:fontFace>
                  <stFnt:fontType>TrueType</stFnt:fontType>
                  <stFnt:versionString>Version 2.50 - JIS90</stFnt:versionString>
                  <stFnt:composite>False</stFnt:composite>
                  <stFnt:fontFileName>msmin90.ttc</stFnt:fontFileName>
               </rdf:li>
            </rdf:Bag>
         </xmpTPg:Fonts>
         <xmpTPg:PlateNames>
            <rdf:Seq>
               <rdf:li>Black</rdf:li>
            </rdf:Seq>
         </xmpTPg:PlateNames>
         <xmpTPg:SwatchGroups>
            <rdf:Seq>
               <rdf:li rdf:parseType="Resource">
                  <xmpG:groupName>蛻晄悄險ｭ螳壹�繧ｹ繧ｦ繧ｩ繝�メ繧ｰ繝ｫ繝ｼ繝�</xmpG:groupName>
                  <xmpG:groupType>0</xmpG:groupType>
               </rdf:li>
            </rdf:Seq>
         </xmpTPg:SwatchGroups>
      </rdf:Description>
   </rdf:RDF>
</x:xmpmeta>
                                                                                                    
                                                                                                    
                                                                                                    
                                                                                                    
                                                                                                    
                                                                                                    
                                                                                                    
                                                                                                    
                                                                                                    
                                                                                                    
                                                                                                    
                                                                                                    
                                                                                                    
                                                                                                    
                                                                                                    
                                                                                                    
                                                                                                    
                                                                                                    
                                                                                                    
                                                                                                    
                           
<?xpacket end="w"?>
endstream
endobj
299 0 obj
<< /BleedBox [ 0 0 595.276 841.89001 ] /Contents 300 0 R /CropBox [ 0 0 595.276 841.89001 ] /MediaBox [ 0 0 595.276 841.89001 ] /Parent 372 0 R /Resources 301 0 R /Rotate 0 /TrimBox [ 0 0 595.276 841.89001 ] /Type /Page >>
endobj
300 0 obj
<< /Filter /FlateDecode /Length 3862 >> 
stream
hﾞ�K上ﾈｾ煇�`j�z�9$Y,尖�-ﾈAｶ､l僂�~J/ﾛｲeｷﾛ｢Zt5ｱ襍ﾇ�(倶W|��鉋ｯoｻ_ﾞﾞｴ/T�!ﾓｱﾐ�2｡ﾐNﾄc鉋料�ﾅ疊ｺ��?;Yｼﾚ��oﾔz/･ﾚ�?ﾞ�ｽ�5Q�哿uz��J
�裂ﾟ杯ﾂ(ぶ"D	弡dNｴﾛw$ﾃg�i_SWｵｩk｣嵜養ｨVｬ1ﾞ�*m�爨�ｯ｡,ｵ;DmｵLﾏこ鸛､ｬ�,剤[欲ｳ饋%屎,峯>Qﾝｫ}馥m窖ｵｲ4FｫMﾙﾛﾟ[ｹhｸ狸{[/UW�OH4=%ﾕ箍[a⑯ﾛ=-ｼ�	ｴ_ ｴHﾋ,|aｼﾔ-腔'"ﾊ釤
�u倞yF8ｱTUﾃｧｿｫｽoEQｩｲL錦^)_ｷ/�f逃Iｯ覚ﾊ咽iﾚUﾊ�ﾚｶﾝmJｸQ-O�?gｵ繚ｶｻ嶷ｿ;*ﾛｿ�z鉎N玖`hｷ,;O�7cｬ｡蠧ｴTNOﾃｳ弋�ｪｪf�ｸﾅ��ﾟRh畯x`-ｭTﾕﾕﾓ朎跟ZﾜｸA�!L�9G朎{ﾔｪﾌg繍ｦ墳jYﾉt<`ｬeT�ﾃﾓ惷k�=JTｮi匇[z~場am匇ﾂ鋧防}OS�gz7�47M�{k"ﾍNﾆ薊"jﾉrﾄ\ｩ黠Dﾚ釤9ﾓｄNP単ﾋN�Dw�Hｪ
fｶ�Q遶ｦBﾒK\Lsﾛﾙ=f�5ﾌﾂﾚG@ｱZ`RF�Nﾍw喫ｩ)�<ﾕte∫^ﾂ�ｸDq爛Uh�鋕Hp?rﾋ����.�5ｨPｲﾄm&5��^ｲｷ
AA守ﾁκPK廐,�3(Q3Pﾒ掾ｪY(yﾖｰQ�ﾗ`lｾﾆ;�>挿ｴ�+�噪q9*｡�?ﾎN~�>棕､AXﾎｹ�*bprﾛ�=q5�fｰｸﾒ塘�v｣�U�.卿uﾏ �9祥A�	#�>蘯GxQ7�%vﾐ｢隝妾珎ﾅF禾!R蠏忿院ﾋiX倢ﾙ�@ｩ逸ﾝｴp･tJA畚ﾖKｶｷ*/DMﾙｹ3只ｱ�fbﾐﾓｴﾘ3ﾚ>�26vaﾒ｢DﾇHd丗F"燥3.6痩煙	ﾚ^)��cﾈ19�,ﾙh�若�RS�6ﾕﾘ㎏=w祐�!ﾉﾈ､!聘ﾔﾓﾊ6竕貭�OPｬﾇ迩`,ﾎr�慙LﾋﾗVﾋ｡ｳﾅtﾊﾋ翫ｶﾊ�棧ﾆ'面�/:ｨ]隲ﾓ�>|�ﾗｧ�ｶ"ｱ`Cﾆ8�,tEｰW
[\aﾏeｳﾒI�%FKﾘpN謀�mAｴu'�ﾅpぃﾎGM<
l�&.�ｸXﾎ�LOﾂ陰��#	
ﾖDｦﾅ*ｭｽｰ魏穰ﾖ|ｰTE/ ﾉgK.0'\N$�%4TrWﾋZﾒﾈﾅ_�aﾌﾝｺ=Fﾀ｢�:D儺l$ｳ�bXt��ﾛcj<運Gﾜ�J･J蝠YlVﾃ�
O霪液<ﾃZP陛ﾞ笘WA�	朗鮮� ｳ�ﾆD>O ﾏぬ嫡ﾞﾑOlﾟ!･6d**8^ｨﾔｻｰ夢ﾑ選ｽZEERﾃ乃�"ﾟy�'ﾍ�Q�Q1d哮±ﾍ
ｺv�)Y俉T&6ｪwｬVk孖突&D�ﾊllR��,ﾘﾆ�坙ﾛ�2�E-�Tｸｭ�#�[1ﾄﾗ)ﾓg (━ﾉ*ｯR�3cM&テｸ垪�ﾊ�9弗<+47H攤j�都%:'ｲeﾇ~�'ｭ穿T3ﾘｼ%鑠sﾌisﾌｶMﾄRq燭ｭ�HｮV･oﾖ�摘壓`艢ﾃﾄk乞|ｵqUwﾖ ﾈ��,r!'1秤Eﾜｱﾇ�oｮ'ﾃOﾋT�ﾓG:^[ﾂｩ�&ｫh6ﾇm\RYbpﾍ�L`zﾛ�)�,7戰NV0ｯ�,ｦ晉ｷ2TﾉLOrH閘j�ｻ｢｢ｷﾊ�縲騙,:騅:I�:ｫ1｢ﾜﾎ笙包姐|ﾕ��#ﾊｴNﾋ裳}%ﾌ俛f*劾WI"ﾀワｷ�NxPe"ｸ�*�"僣峨瞳垠x)焄�dZ�
ZXeBaeﾐﾕｧOAｪｭｭ�%GoﾞCｦﾂﾍﾃﾈｧ{ﾜv
型CB�2n'^ｩ捶ｵ`�1･ﾎﾊﾄ祥ﾙｺ�$吹]�5㏍ﾓｻNﾂﾊ�zｽPr_ｨ�酲"ｽ	齒gｦｯｦSFI孛:V+､髞mﾇﾐﾍｶｳC5ﾆd累ｺ?ﾗNｼｼZqﾆSﾖ�RTﾊ`ｸｵ氾Ｓ)｡t抻JEｦ);ｳt友�崗"nﾌﾒ<ｬ柯倦ｭ
ad��{ <�､�熾 {{`jｵ$7ﾄ進ｦ �庠ﾕ戲鶲Cﾌｵ)H�ﾈ*�ﾈﾌZ'7ﾎ�aｬ>竧ｩｵBｿ(gtｲｼ�ｱ�QﾗLﾗｭﾝｸ絜ﾎｴ#擺$ｨhWT$ｹ}ｳｷ皚&枦6截ﾆﾄWKｷ.ﾊ�ｩm炫"百ﾏ噴�帰｣gﾀP｣�#*惠ｭ,ﾗ�ﾉvm^ﾆ�努C=ｻｷxQ�>ｯ_壥 ﾛ"ﾛ猪�p拷'dﾚй:ﾉ懃