　4-(3) 外貿コンテナの船種別・年次別個数表,,,,,,,,,,,,,,,,
,,,,,,,,,,,,,,,,(単位：TEU）
船種別,平成30年(2018年),,,平成29年(2017年),,,平成28年(2016年),,,平成27年(2015年),,,平成26年(2014年),,,船種別
,計,輸出,輸入,計,輸出,輸入,計,輸出,輸入,計,輸出,輸入,計,輸出,輸入,
合計,"4,570,702","2,117,463","2,453,239","4,500,302","2,074,794","2,425,508","4,250,647","1,980,785","2,269,862","4,149,507","1,917,199","2,232,308","4,389,854","2,039,462","2,350,392",合計
実入,"3,414,328","973,542","2,440,786","3,400,739","989,439","2,411,300","3,208,206","947,635","2,260,571","3,131,158","911,563","2,219,595","3,288,407","948,834","2,339,573",実入
空,"1,156,374","1,143,921","12,453","1,099,563","1,085,355","14,208","1,042,441","1,033,150","9,291","1,018,349","1,005,636","12,713","1,101,447","1,090,628","10,819",空
フルコンテナ船,"4,531,775","2,096,771","2,435,004","4,480,258","2,064,668","2,415,590","4,236,458","1,973,596","2,262,862","4,135,773","1,909,917","2,225,856","4,376,268","2,032,947","2,343,321",フルコンテナ船
実入,"3,389,099","966,336","2,422,763","3,387,054","985,183","2,401,871","3,197,514","943,940","2,253,574","3,120,527","907,255","2,213,272","3,277,178","944,668","2,332,510",実入
空,"1,142,676","1,130,435","12,241","1,093,204","1,079,485","13,719","1,038,944","1,029,656","9,288","1,015,246","1,002,662","12,584","1,099,090","1,088,279","10,811",空
セミコンテナ船,"25,154","14,290","10,864","9,976","5,308","4,668","6,401","3,910","2,491","7,066","4,385","2,681","7,035","3,969","3,066",セミコンテナ船
実入,"17,335","6,600","10,735","8,146","3,946","4,200","5,974","3,486","2,488","6,662","4,109","2,553","6,931","3,865","3,066",実入
空,"7,819","7,690",129,"1,830","1,362",468,427,424,3,404,276,128,104,104,-,空
ＲＯＲＯ船,"13,746","6,384","7,362","10,068","4,818","5,250","7,788","3,279","4,509","6,668","2,897","3,771","6,543","2,546","3,997",ＲＯＲＯ船
実入,"7,867",588,"7,279","5,539",310,"5,229","4,718",209,"4,509","3,969",199,"3,770","4,293",301,"3,992",実入
空,"5,879","5,796",83,"4,529","4,508",21,"3,070","3,070",-,"2,699","2,698",1,"2,250","2,245",5,空
その他コンテナ積船,27,18,9,-,-,-,-,-,-,-,-,-,7,-,7,その他コンテナ積船
実入,27,18,9,-,-,-,-,-,-,-,-,-,4,-,4,実入
空,-,-,-,-,-,-,-,-,-,-,-,-,3,-,3,空
その他コンテ-,-,-,-,-,-,-,-,-,-,-,-,-,-,-,-,-,-,15,木材チップ,,,,,
16,その他林産品,"2,750","2,750",-,-,-,-,"2,750","2,750",-,-,-,-,-,-,-,280,25,255,-,-,-,16,その他林産品,,,,,
17,薪炭,-,-,-,-,-,-,-,-,-,-,-,-,-,-,-,230,210,20,-,-,-,17,薪炭,,,,,
鉱産品,,"1,925","1,925",-,-,-,-,"1,925","1,925",-,"2,458","2,458",-,-,-,-,"1,803","1,523",280,-,-,-,鉱産品,,,,,,
18,石炭,-,-,-,-,-,-,-,-,-,-,-,-,-,-,-,-,-,-,-,-,-,18,石炭,,,,,
19,鉄鉱石,-,-,-,-,-,-,-,-,-,-,-,-,-,-,-,-,-,-,-,-,-,19,鉄鉱石,,,,,
20,金属鉱,-,-,-,-,-,-,-,-,-,"1,875","1,875",-,-,-,-,75,75,-,-,-,-,20,金属鉱,,,,,
21,砂利・砂,-,-,-,-,-,-,-,-,-,263,263,-,-,-,-,833,738,95,-,-,-,21,砂利・砂,,,,,
22,石材,-,-,-,-,-,-,-,-,-,58,58,-,-,-,-,345,300,45,-,-,-,22,石材,,,,,
23,原油,-,-,-,-,-,-,-,-,-,-,-,-,-,-,-,-,-,-,-,-,-,23,原油,,,,,
24,りん鉱石,-,-,-,-,-,-,-,-,-,-,-,-,-,-,-,-,-,-,-,-,-,24,りん鉱石,,,,,
25,石灰石,-,-,-,-,-,-,-,-,-,-,-,-,-,-,-,215,200,15,-,-,-,25,石灰石,,,,,
26,原塩,-,-,-,-,-,-,-,-,-,-,-,-,-,-,-,-,-,-,-,-,-,26,原塩,,,,,
27,非金属鉱物,"1,925","1,925",-,-,-,-,"1,925","1,925",-,262,262,-,-,-,-,335,210,125,-,-,-,27,非金属鉱物,,,,,
金属機械工業品,,"102,388","65,678","36,710","101,917","65,403","36,514",471,275,196,"16,640","12,084","4,556","38,908","38,908",-,"39,330","16,060","23,270",-,-,-,金属機械工業品,,,,,,
28,鉄鋼,-,-,-,-,-,-,-,-,-,120,120,-,-,-,-,145,145,-,-,-,-,28,鉄鋼,,,,,
29,鋼材,-,-,-,-,-,-,-,-,-,251,50,201,-,-,-,850,575,275,-,-,-,29,鋼材,,,,,
30,非鉄金属,-,-,-,-,-,-,-,-,-,"3,529","3,529",-,-,-,-,185,-,185,-,-,-,30,非鉄金属,,,,,
31,金属製品,"2,566",225,"2,341","2,253",-,"2,253",313,225,88,"1,219",677,542,-,-,-,"7,110","3,535","3,575",-,-,-,31,金属製品,,,,,
32,鉄道車両,-,-,-,-,-,-,-,-,-,-,-,-,-,-,-,-,-,-,-,-,-,32,鉄道車両,,,,,
33,完成自動車,-,-,-,-,-,-,-,-,-,495,135,360,-,-,-,"2,309","2,012",297,-,-,-,33,完成自動車,,,,,
34,その他輸送用車両,-,-,-,-,-,-,-,-,-,60,60,-,-,-,-,87,52,35,-,-,-,34,その他輸送用車両,,,,,
35,二輪自動車,-,-,-,-,-,-,-,-,-,-,-,-,-,-,-,5,-,5,-,-,-,35,二輪自動車,,,,,
36,自動車部品,"4,977",-,"4,977","4,943",-,"4,943",34,-,34,"4,673","4,142",531,-,-,-,"22,065","6,290","15,775",-,-,-,36,自動車部品,,,,,
37,その他輸送機械,-,-,-,-,-,-,-,-,-,31,31,-,-,-,-,3,1,2,-,-,-,37,その他輸送機械,,,,,
38,産業機械,"3,988",-,"3,988","3,962",-,"3,962",26,-,26,"2,821","1,685","1,136",-,-,-,"1,421",795,626,-,-,-,38,産業機械,,,,,
39,電気機械,"38,445","29,722","8,723","38,347","29,672","8,675",98,50,48,"2,611","1,194","1,417",-,-,-,"1,865","1,475",390,-,-,-,39,電気機械,,,,,
40,測量・光学・医療機械,"40,419","27,464","12,955","40,419","27,464","12,955",-,-,-,808,461,347,-,-,-,25,5,20,-,-,-,40,測量・光学・医療機械,,,,,
41,事務用機器,"1,105","1,105",-,"1,105","1,105",-,-,-,-,22,-,22,"38,908","38,908",-,"1,350",515,835,-,-,-,41,事務用機器,,,,,
42,その他機械,"10,888","7,162","3,726","10,888","7,162","3,726",-,-,-,-,-,-,-,-,-,"1,910",660,"1,250",-,-,-,42,その他機械,,,,,
化学工業品,,"22,499","6,436","16,063","21,774","5,871","15,903",725,565,160,"11,092","8,240","2,852",-,-,-,"47,982","44,429","3,553",-,-,-,化学工業品,,,,,,
43,陶磁器,-,-,-,-,-,-,-,-,-,94,94,-,-,-,-,-,-,-,-,-,-,43,陶磁器,,,,,
44,セメント,-,-,-,-,-,-,-,-,-,-,-,-,-,-,-,525,450,75,-,-,-,44,セメント,,,,,
45,ガラス類,-,-,-,-,-,-,-,-,-,225,169,56,-,-,-,270,245,25,-,-,-,45,ガラス類,,,,,
46,窯業品,-,-,-,-,-,-,-,-,-,"2,980","2,025",955,-,-,-,"1,055","1,045",10,-,-,-,46,窯業品,,,,,
47,重油,-,-,-,-,-,-,-,-,-,-,-,-,-,-,-,-,-,-,-,-,-,47,重油,,,,,
48,揮発油,-,-,-,-,-,-,-,-,-,-,-,-,-,-,-,-,-,-,-,-,-,48,揮発油,,,,,
49,その他の石油,-,-,-,-,-,-,-,-,-,-,-,-,-,-,-,"2,020","1,915",105,-,-,-,49,その他の石油,,,,,
50,LNG/液化天然ガス,-,-,-,-,-,-,-,-,-,-,-,-,-,-,-,5,-,5,-,-,-,50,LNG/液化天然ガス,,,,,
51,LPG/液化石油ガス,-,-,-,-,-,-,-,-,-,-,-,-,-,-,-,70,60,10,-,-,-,51,LPG/液化石油ガス,,,,,
52,その他石油製品,-,-,-,-,-,-,-,-,-,65,65,-,-,-,-,545,525,20,-,-,-,52,その他石油製品,,,,,
53,コークス,-,-,-,-,-,-,-,-,-,-,-,-,-,-,-,-,-,-,-,-,-,53,コークス,,,,,
54,石炭製品,-,-,-,-,-,-,-,-,-,-,-,-,-,-,-,-,-,-,-,-,-,54,石炭製品,,,,,
55,化学薬品,-,-,-,-,-,-,-,-,-,"2,277","1,625",652,-,-,-,"38,287","36,634","1,653",-,-,-,55,化学薬品,,,,,
56,化学肥料,-,-,-,-,-,-,-,-,-,45,30,15,-,-,-,"2,735","1,135","1,600",-,-,-,56,化学肥料,,,,,
57,その他化学工業品,"22,499","6,436","16,063","21,774","5,871","15,903",725,565,160,"5,406","4,232","1,174",-,-,-,"2,470","2,420",50,-,-,-,57,その他化学工業品,,,,,
軽工業品,,"98,715","76,867","21,848","42,224","20,546","21,678","56,491","56,321",170,"29,764","29,196",568,"23,914",-,"23,914","250,265","130,820","119,445",-,-,-,軽工業品,,,,,,
58,紙・パルプ,"7,224","3,850","3,374","3,374",-,"3,374","3,850","3,850",-,"6,860","6,860",-,-,-,-,"78,080","14,465","63,615",-,-,-,58,紙・パルプ,,,,,
59,糸及び紡績半製品,-,-,-,-,-,-,-,-,-,244,184,60,-,-,-,-,-,-,-,-,-,59,糸及び紡績半製品,,,,,
60,その他繊維工業品,737,737,-,737,737,-,-,-,-,467,278,189,-,-,-,885,885,-,-,-,-,60,その他繊維工業品,,,,,
61,砂糖,"12,445","1,094","11,351","12,445","1,094","11,351",-,-,-,"2,415","2,415",-,-,-,-,"40,390","3,265","37,125",-,-,-,61,砂糖,,,,,
62,製造食品,"26,879","19,801","7,078","25,591","18,645","6,946","1,288","1,156",132,"11,195","10,906",289,-,-,-,"42,910","30,015","12,895",-,-,-,62,製造食品,,,,,
63,飲料,833,795,38,70,70,-,763,725,38,"6,678","6,648",30,"23,914",-,"23,914","82,750","81,120","1,630",-,-,-,63,飲料,,,,,
64,水,-,-,-,-,-,-,-,-,-,-,-,-,-,-,-,"3,760",300,"3,460",-,-,-,64,水,,,,,
65,たばこ,-,-,-,-,-,-,-,-,-,60,60,-,-,-,-,60,60,-,-,-,-,65,たばこ,,,,,
66,その他食料工業品,"50,597","50,590",7,7,-,7,"50,590","50,590",-,"1,845","1,845",-,-,-,-,"1,430",710,720,-,-,-,66,その他食料工業品,,,,,
雑工業品,,"35,253","29,237","6,016","30,654","25,207","5,447","4,599","4,030",569,"6,030","5,867",163,-,-,-,"85,482","76,117","9,365",-,-,-,雑工業品,,,,,,
67,がん具,111,-,111,-,-,-,111,-,111,-,-,-,-,-,-,20,20,-,-,-,-,67,がん具,,,,,
68,衣服・身廻品・はきもの,"12,210","9,680","2,530","12,007","9,680","2,327",203,-,203,"1,789","1,754",35,-,-,-,140,125,15,-,-,-,68,衣服・身廻品・はきもの,,,,,
69,文房具・運動娯楽用品・楽器,"5,118","3,979","1,139","5,118","3,979","1,139",-,-,-,394,349,45,-,-,-,40,40,-,-,-,-,69,文房具・運動娯楽用品・楽器,,,,,
70,家具装備品,"8,121","7,931",190,"7,931","7,931",-,190,-,190,282,281,1,-,-,-,"8,145","7,980",165,-,-,-,70,家具装備品,,,,,
71,その他日用品,"3,802","3,617",185,"3,737","3,617",120,65,-,65,"1,779","1,719",60,-,-,-,"51,341","46,851","4,490",-,-,-,71,その他日用品,,,,,
72,ゴム製品,"1,858",-,"1,858","1,858",-,"1,858",-,-,-,403,393,10,-,-,-,520,380,140,-,-,-,72,ゴム製品,,,,,
73,木製品,"4,030","4,030",-,-,-,-,"4,030","4,030",-,"1,206","1,206",-,-,-,-,5,5,-,-,-,-,73,木製品,,,,,
74,その他製造工業品,3,-,3,3,-,3,-,-,-,177,165,12,-,-,-,"25,271","20,716","4,555",-,-,-,74,その他製造工業品,,,,,
特殊品,,"33,143","32,310",833,811,-,811,"32,332","32,310",22,"922,506","270,666","651,840","198,290","172,402","25,888","145,444","44,326","101,118","4,726","4,726",-,特殊品,,,,,,
75,金属くず,901,215,686,686,-,686,215,215,-,293,293,-,-,-,-,"1,615",55,"1,560",-,-,-,75,金属くず,,,,,
76,再利用資材,125,-,125,125,-,125,-,-,-,-,-,-,-,-,-,"7,215",60,"7,155","4,726","4,726",-,76,再利用資材,,,,,
77,動植物性製造飼肥料,"26,230","26,230",-,-,-,-,"26,230","26,230",-,"18,827","18,827",-,-,-,-,"8,880","8,005",875,-,-,-,77,動植物性製造飼肥料,,,,,
78,廃棄物,-,-,-,-,-,-,-,-,-,-,-,-,-,-,-,"2,925","2,925",-,-,-,-,78,廃棄物,,,,,
79,廃土砂,-,-,-,-,-,-,-,-,-,-,-,-,-,-,-,-,-,-,-,-,-,79,廃土砂,,,,,
80,輸送用容器,-,-,-,-,-,-,-,-,-,"1,540","1,540",-,"1,482",-,"1,482","111,827","28,685","83,142",-,-,-,80,輸送用容器,,,,,
81,取合せ品,"5,887","5,865",22,-,-,-,"5,887","5,865",22,"901,846","250,006","651,840","196,808","172,402","24,406","12,982","4,596","8,386",-,-,-,81,取合せ品,,,,,
分類不能のもの,,-,-,-,-,-,-,-,-,-,-,-,-,-,-,-,-,-,-,-,-,-,分類不能のもの,,,,,,
分類不能の  n@) �Q@)  n@) `s@)   @)   �?)    @)   �?) �{@)   �?) �Q@)  n@* �{�       ｨ��  関ﾞｴ�        �ﾊ�      �       ｨ��  関ﾞｴ�        �ﾋ�      �       h       ｻ.Jﾈ�	 �  ~
 (  +   Y@� 
 (  + ｮ  � 
 (  + ｮ  � 
 (  + ｮ  � 
 (  + ｮ  � 
 (  + ｮ  � 
 ( 	 + ｮ  � 
 ( 
 + ｮ  � 
 (  + ｮ  � 
 (  + ｮ  � 
 (  + ｮ  � 
 (  + ｮ  � 
 (  + ｮ  � 
 (  + ｮ  � 
 (  + ｮ  � 
 (  + ｮ  � 
 (  , ｮ  ｾ  )  1 1 1 1 1 1 1 1 1 1 1  � 
 *  2 "  ｾ  *  2 2 2 2 2 2 2 2 2 2   +    � 
 +  L    +   ~
 +  .  �Y@� 
 +  . ｮ  ｽ 0 +  .   @.   @.   �?.   �?.   @.   "@.    @ � 
 +  . ｮ  ｽ * +  .    @.    @.   @.   �?.   �?.   @ � 
 +  / ｮ  ｾ  ,   & K   ~
 ,  )   Y@� 
 ,  ) ｮ  ｽ 0 ,  ) `x@) p�)   �?)   �?)  r@) �機) `� � 
 ,  ) ｮ  ｽ * ,  )    @)    @) �~@)   �?)   �?) `x@ � 
 ,  * ｮ   -   % � 
 -  I :	   -   ｽ  -  '   Z@'    @'   @'   @ � 
 -  ' ｮ  � 
 -  ' ｮ  ｽ  - 	 '   @'   @'   @ � 
 -  ' ｮ  ｽ  -  '   �?'   @'   @'   �? � 
 -  ' ｮ  ｽ  -  '   @(   @ ｾ  .   & K   ｽ  .  )   Y@) ﾀg@) @)  � � 
 .  ) ｮ  � 
 .  ) ｮ  ｽ  . 	 )  r@)  �)  � � 
 .  ) ｮ  ｽ  .  )   �?)  r@)  �)   �? � 
 .  ) ｮ  ｽ  .  )  ~@*  r@  /   % � 
 /  I ;	   /   ~
 /  '  �M@� 
 /  ' ｮ  ｽ  /  '   �?'    @ � 
 /  ' ｮ  ｽ * /  '   �?'   @'    @'   @'   �?'   �? � 
 /  ' ｮ  ~
 /  '    @� 
 /  ' ｮ  � 
 /  ' ｮ  ｽ  /  '   @(   @ ｾ  0   & K   ~
 0  )   Y@� 
 0  ) ｮ  ｽ  0  ) @e@) @u@ � 
 0  ) ｮ  ｽ * 0  ) @e@) @�) @u@) @�) @e@) @e@ � 
 0  ) ｮ  ~
 0  ) @u@� 
 0  ) ｮ  � 
 0  ) ｮ  ｽ  0  )   !@* @�  1   % � 
 1  I <	   1   ｽ < 1  '  ﾀm@'   @'   @'   @'   @'    @'   @'   @'   @ � 
 1  ' ｮ  ~
 1  '   @� 
 1  ' ｮ  ｽ $ 1  '   $@'   @'   @'   @(   @ ｾ  2   & K   ｽ < 2  )   Y@)   @)   @)   @) @`@)  T@) @j@)  r@) @j@ � 
 2  ) ｮ  ~
 2  )  r@� 
 2  ) ｮ  ｽ $ 2  ) @z@)   @) @`@) @e@*  r@  3   % � 
 3  I =	   3   ｽ l 3  '  �j@'   @'   @'   @'   @'   �?'   @'   *@'   @'   �?'   @'   @'    @'   @'    @'   @(    @ ｾ  4   & K   ｽ l 4  )   Y@) �q@) �t@)  n@) �a@)   �?) �a@) ァ) ﾀg@)   �?) �a@) ﾀg@) ﾀw@) ﾀg@) �V@) ﾀg@* �V@  5   % � 
 5  P *   5   ｽ l 5  '  �ァ'   "@'   0@'   4@'   .@'   "@'   0@'   0@'   A@'   *@'   &@'   @'   6@'   $@'   @'   7@(   3@ ｾ  6   & K   ｽ l 6  )   Y@) �a@)   @)  t@)  n@) �a@)   @)   @) 烙@) @j@) �f@)   �?)   @)  d@)  T@)  w@*   @  7   % � 
 7  I �   7   ~
 7  '  �H@� 
 7  ' ｮ  � 
 7  ' ｮ  ｽ  7  '    @'    @ � 
 7  ' ｮ  � 
 7 	 ' ｮ  � 
 7 
 ' ｮ  ｽ  7  '   �?'    @ � 
 7  ' ｮ  ｽ  7  '   �?'   @ � 
 7  ' ｮ  � 
 7  ' ｮ  � 
 7  ' ｮ  � 
 7  ( ｮ  ｾ  8   - J   ~
 8  +   Y@� 
 8  + ｮ  � 
 8  + ｮ  ｽ  8  + �y@+ �y@ � 
 8  + ｮ  � 
 8 	 + ｮ  � 
 8 
 + ｮ  ｽ  8  +    @+ �y@ � 
 8  + ｮ  ｽ  8  +    @+ ァ � 
 8  + ｮ  � 
 8  + ｮ  � 
 �       ｨ��  関ﾞｴ�        ��      �       ｨ��  関ﾞｴ�        ��      �       h       -�
 � ｱ   
 �   �$  �$    �$  �$                                        コピー禁止                                                       ＭＳ Ｐゴシック                  F  F                   �  4                                                                                                                                          	                 	                        ｡ " 	 d     XXM&橡d2ﾙ?M&橡d2ﾙ? U   }          }    ﾕ   }        }    ﾕ   }    *   }    ﾕ         9                  @          @      �     @      O     @      $	    ﾀ      �     @      �     @      �     @      �     @  	    �     @  
    �     @      �     @      �     @      �     @      �     @      �     @      �     @      �     @      �     @      �     @      �     @      �     @      �     @      �     @      �     @      �     @      �     @      �     @      �     @      �     @      �     @      �     @ � 
    N ﾗ	  ｾ &    O O O O O O O O O O O O O O O O  � 
   M ｷ  � 
   3 t	     M � 
   0 )  ｾ    0 0 0 0 0 0 0 0 0 0  ｾ .                               � 
   ! ｬ     " � 
   # ﾝ
  � 
   # �  � 
   # �  � 
   # �  � 
   # �  � 
   # �  � 
  	 # �  � 
  
 # �  � 
   # �  � 
   # �  � 
   # �  � 
   # �  � 
   # �  � 
   # �  � 
   # �  � 
   # �  � 
   $ ﾔ	      % � 
   I �
      ｽ l   '  @如'  `�'  @'  ｰr@'   ^@'  �I@'   f@'  z@'  烽@'  ``@'  �b@'   S@'  0r@'  @Q@'   H@'  濺@(  ﾀa@ ｾ     & K   ｽ l   )   Y@) ｼｱ@)  ｧ@) ｢@) 后) `x@) @鼻) (ｩ@) 4ｲ@) 随@) ﾐ繊) p�)  �6@) 逗@)  w@) (如*   &@     % � 
   S �      ｽ B   '  �A@'   0@'   0@'   @'   @'   @'   "@'   @'   @'   @ � 
   ' ｮ  ｽ *   '   �?'    @'    @'   �?'    @(   @ ｾ     & T   ｽ B   )   Y@) ﾚｱ@) ﾚｱ@)   4@) ﾐ繊) ｸ咫) ､@) ﾐ繊) ﾐ繊) 煌@ � 
   ) ｮ  ｽ *   )  r@) 茖@) ﾐ　)  r@) 茖@* 煌@  	   % � 
 	  S    	   ｽ l 	  '   R@'   H@'   A@'   .@'   @'   @'   1@'   3@'   2@'    @'   @'    @'   .@'   @'   @'   "@(    @ ｾ  
   & T   ｽ l 
  )   Y@) ｺ@) pｲ@) @�@) @z@) @z@) p｢@) �､@)   9@) �q@) �　) �q@) @�@) �　) @z@)   )@* X繊     % � 
   S       ｽ l   '   X@'  �I@'   >@'   0@'    @'   @'   4@'   ;@'  �@@'    @'    @'   @'   6@'   @'   @'   3@(    @ ｾ     & T   ｽ l   )   Y@) ｾｴ@) tｨ@) 咫) @) ｰァ) @�@) @) 爼@) @) @) @�@) 茖@) @�@) @�@) @* @     % � 
  �  関ﾞｴ�        �]�      �       ｨ��  関ﾞｴ�        �^�      �       ｨ��  関ﾞｴ�        �_�      �       �       ﾅ-8ﾉ� �  @.   "@.  ﾀW@/   @/   &@?  (@	   
 1 ｽ *   C  @[@.   ,@.  �M@.  �@@/   @? �T@ ｾ     & K   ｽ *   )   Y@) �f@) @) ﾁ@* �q@* 随@ � 
  	 ; ｬ    
 1 ｽ $   D   Y@)  如) "ｵ@) ｬｧ@* �q@ � 
  