行,経度,緯度,停留所名,郵便番号,所在地,電話番号,備考,備考_2,URL,時刻表,備考,6時,7時,8時,9時,10時,11時,12時,13時,14時,15時,16時,17時,18時,19時,20時,21時
1,-33570.24682,-48389.30292,1 玉川学園前駅,194-0041,町田市玉川学園2丁目3891番,042-724-4260,路線バスと兼用,小田急線の踏切障害等が発生した場合、大幅な遅延や運休が発生する場合があります。,https://www.city.machida.tokyo.jp/kurashi/sumai/kotsu/shimin/komyubasu/tamachan/ttkmtcb001.html,（2022.1.16改正）,*：さくらんぼホール経由　有：有楽入口止まり　金：金井小学校始発,35,00 25 50,15 40*,10,10 40*,10,10 40*,10,10 40*,10,10 40*,10 40,10 35,00 30,00 30,00 30有
2,-33670.1845,-48588.26436,2 玉川学園前駅西,194-0041,町田市玉川学園2丁目3881番,042-724-4260,,小田急線の踏切障害等が発生した場合、大幅な遅延や運休が発生する場合があります。,https://www.city.machida.tokyo.jp/kurashi/sumai/kotsu/shimin/komyubasu/tamachan/ttkmtcb001.html,（2022.1.16改正）,*：さくらんぼホール経由　有：有楽入口止まり　金：金井小学校始発,36,01 26 51,16 41*,11,11 41*,11,11 41*,11,11 41*,11,11 41*,11 41,11 36,01 31,01 31,01 31有
3,-33711.67135,-48760.916,3 玉川学園一丁目,194-0041,町田市玉川学園1丁目614番,042-724-4260,,小田急線の踏切障害等が発生した場合、大幅な遅延や運休が発生する場合があります。,https://www.city.machida.tokyo.jp/kurashi/sumai/kotsu/shimin/komyubasu/tamachan/ttkmtcb001.html,（2022.1.16改正）,*：さくらんぼホール経由　有：有楽入口止まり　金：金井小学校始発,37,02 27 52,17 42*,12,12 42*,12,12 42*,12,12 42*,12,12 42*,12 42,12 37,02 32,02 32,02 32有
4,-33807.99099,-48812.45162,4 月見ヶ丘,194-0041,町田市玉川学園1丁目607番,042-724-4260,,小田急線の踏切障害等が発生した場合、大幅な遅延や運休が発生する場合があります。,https://www.city.machida.tokyo.jp/kurashi/sumai/kotsu/shimin/komyubasu/tamachan/ttkmtcb001.html,（2022.1.16改正）,*：さくらんぼホール経由　有：有楽入口止まり　金：金井小学校始発,38,03 28 53,18 43*,13,13 43*,13,13 43*,13,13 43*,13,13 43*,13 43,13 38,03 33,03 33,03 33有
5,-33958.36936,-48750.72063,5 一丁目児童公園,194-0041,町田市玉川学園1丁目3725番,042-724-4260,,小田急線の踏切障害等が発生した場合、大幅な遅延や運休が発生する場合があります。,https://www.city.machida.tokyo.jp/kurashi/sumai/kotsu/shimin/komyubasu/tamachan/ttkmtcb001.html,（2022.1.16改正）,*：さくらんぼホール経由　有：有楽入口止まり　金：金井小学校始発,39,04 29 54,19 44*,14,14 44*,14,14 44*,14,14 44*,14,14 44*,14 44,14 39,04 34,04 34,04 34有
6,-34100.30293,-48734.87308,6 玉林台児童遊園,194-0041,町田市玉川学園1丁目4334番,042-724-4260,,小田急線の踏切障害等が発生した場合、大幅な遅延や運休が発生する場合があります。,https://www.city.machida.tokyo.jp/kurashi/sumai/kotsu/shimin/komyubasu/tamachan/ttkmtcb001.html,（2022.1.16改正）,*：さくらんぼホール経由　有：有楽入口止まり　金：金井小学校始発,40,05 30 55,20 45*,15,15 45*,15,15 45*,15,15 45*,15,15 45*,15 45,15 40,05 35,05 35,05 35有
7,-34228.00857,-48628.65422,7 玉園台,194-0041,町田市玉川学園3丁目3690番,042-724-4260,,小田急線の踏切障害等が発生した場合、大幅な遅延や運休が発生する場合があります。,https://www.city.machida.tokyo.jp/kurashi/sumai/kotsu/shimin/komyubasu/tamachan/ttkmtcb001.html,（2022.1.16改正）,*：さくらんぼホール経由　有：有楽入口止まり　金：金井小学校始発,41,06 31 56,21 46*,16,16 46*,16,16 46*,16,16 46*,16,16 46*,16 46,16 41,06 36,06 36,06 36有
8,-34307.4747,-48331.84284,8 玉林台駐在所,194-0041,町田市玉川学園3丁目3628番,042-724-4260,,小田急線の踏切障害等が発生した場合、大幅な遅延や運休が発生する場合があります。,https://www.city.machida.tokyo.jp/kurashi/sumai/kotsu/shimin/komyubasu/tamachan/ttkmtcb001.html,（2022.1.16改正）,*：さくらんぼホール経由　有：有楽入口止まり　金：金井小学校始発,42,07 32 57,22 47*,17,17 47*,17,17 47*,17,17 47*,17,17 47*,17 47,17 42,07 37,07 37,07 37有
19,-34095.64419,-48281.09882,19 第五小学校,194-0041,町田市玉川学園4丁目3742番,042-724-4260,,小田急線の踏切障害等が発生した場合、大幅な遅延や運休が発生する場合があります。,https://www.city.machida.tokyo.jp/kurashi/sumai/kotsu/shimin/komyubasu/tamachan/ttkmtcb001.html,（2022.1.16改正）,*：さくらんぼホール経由　有：有楽入口止まり　金：金井小学校始発,,,48*,,48*,,48*,,48*,,48*,,,,,
20,-33998.70118,-48373.52772,20 さくらんぼホール,194-0041,町田市玉川学園3丁目3728番,042-724-4260,,小田急線の踏切障害等が発生した場合、大幅な遅延や運休が発生する場合があります。,https://www.city.machida.tokyo.jp/kurashi/sumai/kotsu/shimin/komyubasu/tamachan/ttkmtcb001.html,（2022.1.16改正）,*：さくらんぼホール経由　有：有楽入口止まり　金：金井小学校始発,,,49*,,49*,,49*,,49*,,49*,,,,,
9,-34333.06089,-48228.74087,9 朝日公園,194-0041,町田市玉川学園4丁目3751番,042-724-4260,,小田急線の踏切障害等が発生した場合、大幅な遅延や運休が発生する場合があります。,https://www.city.machida.tokyo.jp/kurashi/sumai/kotsu/shimin/komyubasu/tamachan/ttkmtcb001.html,（2022.1.16改正）,*：さくらんぼホール経由　有：有楽入口止まり　金：金井小学校始発,43,08 33 58,23 51*,18,18 51*,18,18 51*,18,18 51*,18,18 51*,18 48,18 43,08 38,08 38,08 38有
10,-34316.26775,-47986.45405,10 すみれ児童公園,194-0041,町田市玉川学園4丁目3773番,042-724-4260,,小田急線の踏切障害等が発生した場合、大幅な遅延や運休が発生する場合があります。,https://www.city.machida.tokyo.jp/kurashi/sumai/kotsu/shimin/komyubasu/tamachan/ttkmtcb001.html,（2022.1.16改正）,*：さくらんぼホール経由　有：有楽入口止まり　金：金井小学校始発,44,09 34 59,24 52*,19,19 52*,19,19 52*,19,19 52*,19,19 52*,19 49,19 44,09 39,09 39,09 39有
11,-34239.50319,-47792.28317,11 金井なかよし公園,195-0071,町田市金井町2882番,042-724-4260,,小田急線の踏切障害等が発生した場合、大幅な遅延や運休が発生する場合があります。,https://www.city.machida.tokyo.jp/kurashi/sumai/kotsu/shimin/komyubasu/tamachan/ttkmtcb001.html,（2022.1.16改正）,*：さくらんぼホール経由　有：有楽入口止まり　金：金井小学校始発,45,10 35,00 25 53*,20,20 53*,20,20 53*,20,20 53*,20,20 53*,20 50,20 45,10 40,10 40,10 40有
12,-34208.24965,-47595.78493,12 ゆうき山公園,195-0071,町田市金井町2882番,042-724-4260,,小田急線の踏切障害等が発生した場合、大幅な遅延や運休が発生する場合があります。,https://www.city.machida.tokyo.jp/kurashi/sumai/kotsu/shimin/komyubasu/tamachan/ttkmtcb001.html,（2022.1.16改正）,*：さくらんぼホール経由　有：有楽入口止まり　金：金井小学校始発,46,11 36,01 26 54*,21,21 54*,21,21 54*,21,21 54*,21,21 54*,21 51,21 46,11 41,11 41,11 41有
13,-34098.18259,-47386.23679,13 木倉有楽,195-0071,町田市金井町2744番,042-724-4260,,小田急線の踏切障害等が発生した場合、大幅な遅延や運休が発生する場合があります。,https://www.city.machida.tokyo.jp/kurashi/sumai/kotsu/shimin/komyubasu/tamachan/ttkmtcb001.html,（2022.1.16改正）,*：さくらんぼホール経由　有：有楽入口止まり　金：金井小学校始発,47,12 37,02 27 55*,22,22 55*,22,22 55*,22,22 55*,22,22 55*,22 52,22 47,12 42,12 42,12 42有
14,-33937.03349,-47440.14127,14 有楽入口,195-0071,町田市金井町2612番,042-724-4260,,小田急線の踏切障害等が発生した場合、大幅な遅延や運休が発生する場合があります。,https://www.city.machida.tokyo.jp/kurashi/sumai/kotsu/shimin/komyubasu/tamachan/ttkmtcb001.html,（2022.1.16改正）,*：さくらんぼホール経由　有：有楽入口止まり　金：金井小学校始発,48,13 38,03 28 56*,23,23 56*,23,23 56*,23,23 56*,23,23 56*,23 53,23 48,13 43,13 43,13
15,-33938.81537,-47671.77457,15 金井小学校,194-0041,町田市玉川学園5丁目2586番,042-724-4260,,小田急線の踏切障害等が発生した場合、大幅な遅延や運休が発生する場合があります。,https://www.city.machida.tokyo.jp/kurashi/sumai/kotsu/shimin/komyubasu/tamachan/ttkmtcb001.html,（2022.1.16改正）,*：さくらんぼホール経由　有：有楽入口止まり　金：金井小学校始発,25金 49,14 39,04 29 57*,24,24 57*,24,24 57*,24,24 57*,24,24 57*,24 54,24 49,14 44,14 44,14
16,-33885.14072,-47799.45046,16 松風台,194-0041,町田市玉川学園5丁目2583番,042-724-4260,,小田急線の踏切障害等が発生した場合、大幅な遅延や運休が発生する場合があります。,https://www.city.machida.tokyo.jp/kurashi/sumai/kotsu/shimin/komyubasu/tamachan/ttkmtcb001.html,（2022.1.16改正）,*：さくらんぼホール経由　有：有楽入口止まり　金：金井小学校始発,26金 50,15 40,05 30 58*,25,25 58*,25,25 58*,25,25 58*,25,25 58*,25 55,25 50,15 45,15 45,15
17,-33652.65258,-47766.8923,17 夕日ヶ丘,194-0041,町田市玉川学園5丁目2388番,042-724-4260,,小田急線の踏切障害等が発生した場合、大幅な遅延や運休が発生する場合があります。,https://www.city.machida.tokyo.jp/kurashi/sumai/kotsu/shimin/komyubasu/tamachan/ttkmtcb001.html,（2022.1.16改正）,*：さくらんぼホール経由　有：有楽入口止まり　金：金井小学校始発,27金 51,16 41,06 31 59*,26,26 59*,26,26 59*,26,26 59*,26,26 59*,26 56,26 51,16 46,16 46,16
18,-33479.26211,-47870.00987,18 玉川学園なかよし公園,194-0041,町田市玉川学園6丁目4025番,042-724-4260,,小田急線の踏切障害等が発生した場合、大幅な遅延や運休が発生する場合があります。,https://www.city.machida.tokyo.jp/kurashi/sumai/kotsu/shimin/komyubasu/tamachan/ttkmtcb001.html,（2022.1.16改正）,*：さくらんぼホール経由　有：有楽入口止まり　金：金井小学校始発,28金 52,17 42,07 32,00* 27,27,00* 27,27,00* 27,27,00* 27,27,27 57,27 52,17 47,17 47,17
2,07 Ixﾗ絖�:ｰ2ｳ�B�A��颪ﾋ*ｻ=�=�<!�nBﾚﾐ平�k遇T�ﾏ､]9�8ｧﾒ�?@L2!s雕ﾊﾁ`初陛2凞Ucﾞ-USJOzwT=6Hｭzj扇=P5{P､��ｱ��QQew檐eAﾛt5Mﾓ4C｡mBB!��ChCM3�81RｩGﾕ｣世(瓦4ﾈzhﾇ1錆戸ｸ,ﾇ首ｰ�ﾆﾗe�8ﾆaﾋ1ﾇﾗC\C踊ﾌ~�ｯﾑN;g鄙咐=滂{ｾz�霻�ﾜﾏｯ�ｽ��冲ﾏﾃﾐ �ﾐkＴｲｼ	｡a&ﾇk拂)｡1ｦﾐ�ｺﾈ�fA~･ys�
S�]fﾊｽ�ｩｦｰwgﾐﾏTzKCｳMuﾞ\S�2Xﾁﾔzk;�3{ｼ{Bﾌ^�ﾐM=ﾟ`�{�6#x�5ﾈ(Bﾋ胡�ｭ0ｪWﾅｽ珎駆ﾌ~o引(�ﾔm拷z{;ﾓ�=ﾒia支舜&2ﾇｽ';等奈ﾓ拱ﾌi�ﾎL=ｧ�Vｾ�,dqzEｲ謖�<ﾄ�72gｽﾀ漿^�,ｸﾑ��ｭ^/x謔wｦ3昌菴ﾖYﾀ\�,bfMﾛｽ7ｙﾌ5�ﾎ=sｳMz�ｯ1ﾗｽ^$Genx@ｦZ蕓ﾌfnｩfｸ�u+ｴﾃ]5	�55Xﾃ<P3 ｻｦn�<Rs�kVｷ�ｾ払�fｲ[ﾕ簧26IﾝZﾃ-ﾐYﾁｦｪｻunwﾖｰjuｰみｦﾖmlｮﾚﾐYﾏnW6�&ｻCe:mlｱ*urx\t*�.ﾕY:蓐�ﾝｳｻUMﾏﾀ;�|煽ｹKlｵ&ｳuj8佝6ｨ�8｣�<ﾆ畯��ﾄ瑰ﾕ9dｴ$菘�#ﾄ鞘Zu宍頚ｴs\ﾟ'~ｕﾔﾁﾖ･桙|ｲ簧IVS�ｸszα
呟ﾉ`P��ﾇYk郛顥�9=S偆dｫcﾁFz<�#'ﾔﾋzﾖ�鉸%<�;�O)u
rQﾈH;WﾙAu2OﾈK;ｲﾃ鷭ﾐﾏ朶ﾀ蘖oBﾎｽｹ%ﾘ､{vL]'ﾘｫﾕﾝX冽ｲﾕ5�ﾕ>菶}眠ﾕV甃ﾄﾁ�Naｧ|i｡vﾖ�Ng轎ﾙ�,vﾁ�ﾎao�
ﾂｶE|E瓧ｯﾔxﾀWﾞｩ+!ｻ�隆+ｾ嗔9ｻ誚�+9茘ﾗ9ﾀQ_#D.e8ﾖm=Fs�>[x霊翊{ｹ4mｹL�QT+lｷｯ�<a;麗z�}�屍.ﾏ�qyﾖ鰄ﾉp.硴�rEｾc8ｦ馞｡�ﾟ@G)W��d璧��*|縣ｼﾆ7ﾇ}導Hﾁﾕ誧ﾃNｮﾑw�ｹDg	g��受-鵯ﾛS|KP蕊w｢ ﾄﾜﾎ�㎝�
Gｹ��ｸ雷ﾃGｸﾟﾃﾜn癈､慱\歿
溂司	3Xﾃﾃg考|陟瘢ｬﾆy*|{�H�pﾂW亜磅5kG>7�･@ｻ疝g&｡��n�ﾃｮ９ｾ�7|�ﾕｲ"|ﾝ�8�p綮ﾄｲO橄7｡蚰Tr纏!d晋�pﾓﾚN#�8�/ﾙgｵﾒ�=ﾜUｭ�ViD� [ﾜ｢VｫG]nIﾛﾓｱ僚｣�ﾇ睚=ﾍｮG��惨瓱ﾄ_ﾂｾﾋﾌｭjﾄn謂][ｹ∵"5ﾄ$ﾞ､ｩ*泛�oﾕBﾅ�ｴ#�ｼ+抱ｽe�ｭｷﾃﾎｧkG:忿没ｼc?泪晧ｰﾚ魄m6Ot�ｴﾍ'ﾚもOｵEゅ[OｰOn�ﾈ釟殺吟恠ｬm ｺKｾﾘ6ｿ^n介密ﾚF｣ﾕﾛ8ﾌ�ﾚ&ぅﾛdｴｮ饕ﾛtpH^hｻm塵ｶﾍGｷﾛ｣Dﾌ･犇ｼﾜvｧ�ｼﾒv/*ﾉkmｫQ�>;hZi{\RPﾀﾕ��%1�+ﾉk[r %枚+i♪錢%3�鋻●ｮ%/�=ｬ
｣G覆ﾀﾎ�	･$P=･�ﾊ｣カE�2:ｬﾏ@%5Ps.2ﾓﾑ�JM`O>ﾋS�Hｿﾒﾘs.�､凰=:&ﾗ�EﾅpF/+\@�� 憖4ﾘP如(:･ﾏｳﾄ;∬僴摸1儻ｪr橢zcw琉死's%ﾅ8ｼjﾌqra孜G	ﾒ;9I怱�#�ﾑY･'pｦ�.n∬慥8ｫ�*ﾝ把♭ﾁi･?p｡ﾃ､.E硲ﾀ戊M}>ｨ�f｢ｷ篇ﾀｵ�2ﾉsV非ﾀu牢ﾃﾌ:ｺ��､Ln@ﾔ�4ﾄ�,ﾘw�9D|�ﾉｺW&ｷ煢ｦaﾎﾕｯ\ﾜ瓊�4e>pﾟﾘﾏ$>蹶埋ﾙ�ﾃCｭ)求幾}祠櫨ﾀ｣焙rｧﾝｳW佚(S鋙oﾕgｬ*6�驃{ｴﾘj{*ﾘ�9f(ｬ{�=C欷ｨw$ｴo.:ｬ晥珮8Iiﾟｮﾏ14n�6愬煦Wt�oﾟ3G�?�8ｲﾚ蟻�ｳﾈ~GN賴澆G~甁橾&ﾇﾎ錢ﾜ/てG堡ﾚ､9Jﾛ��褊LpﾕQﾙ.ﾁ匏摠`�/ﾔﾎt蜥ｹ烏Dｻ`ﾎﾂ�ﾎvm蹶ｵ;lﾚ�ｾ\ｻ��･ｫ弍ﾄｺvﾚｵｮﾝ牘ｯ�=ﾚ紺j~ｯvｫｫ執ﾃU�恷ｴｻ]ｼSｻﾟｵ集ｵ]ｿ_{ﾔ%X?ｱm紊-誄:Vﾋ.}ｸekG)mI�
-ｩ]a岶%#ｴ�?ﾒｲｭ� ｼ%ｷ�0ｱNv�0觀狃N�'[ｶw�,�tﾋ式a�LKqﾗ9�lﾋｮｮ1�|ﾋ鈹屈�jZ�.cﾍ�"~盟ﾒﾒﾐ5~_G>?ﾓﾂt-Z､ｮ=ｦ[\]7�-Zﾗm�VK�k卅ﾛ睆碌ｷ���Z餧G-Gｻﾖsﾋ�ｶｶ怺XlﾇZ;廝Rﾋp� ､ｶ�.�
渧｢m｢!�桁O�[ﾜr1�,dｴ\痔ﾙｦ"卍ｶ黙Hｶ摂2ﾗ瞥�Y隱ｶｷﾜ�vｴﾜ惹	ﾅ-ﾋ�aWﾋJ､HﾘﾝｲｪｵK葬'JｫH厰犢D*м�ﾄH座#膂�4
.fﾄ&h��'�E�"癶ｿ(�澈ﾀEJﾂ_ﾑaN"Aaﾐ_ﾟ5,�#癧ﾟ�ﾆ�､Oｸ鏝"ﾇ�~O､_偐�#ｸ#Cﾂｬm 2"ﾌ漸aｷ4_XDﾆn涇"ﾂm�ｱﾐ于�臭
+��｡ﾈｴ蔭#足｢ﾅ?.ｵy�0ﾃ�燗�淘y1ﾍ?Y3�Wﾁgｷ0�%1ﾏ?N�ﾁｱﾈｿｹ#鑓�詹e�{ﾁcb�5ｲ*ﾖ�F忌ｭｦn豚鐔�D[kB#rｭﾖ�ｱｬ5ﾎTZﾓｻｭﾆ]<ｭYﾝ)｢ｿ5'ｴ&[ﾓmB]G�i-�ｲqｭ;;*ﾅ榴ﾒ�ｱｯｵｼ;_<ﾖZﾙ](���`+Dgq�uO7舐ｭ{;B祓ｫｽｻTiｺﾋﾅﾑVgw･8ﾞｪvﾗ[ﾓｱ�｣ﾏ愰茄Pqｲ5ﾚmﾇﾙKｷ�ｳ馬'^E餬�㎏月Jﾅ謄羝ｾV�ｯt�ｧ[{ｻ麪|��9xwｳｱｻW_ﾂ�ﾚ&^ﾕ.A�$躰春<稾[舜<2Voﾈｺ敢�<ﾑ}Dﾈh=ﾙ}\滸規ｭｧｻO炭g 厰�=�� D�算E&j匙=2S0Qﾈbﾚbｲ�L/�ﾑ協$ﾓ+�%ﾓkｦT)ﾝ�i幃M)ﾗ�	鮟ｦ�ﾗ�*籥Ai[vo�*Jﾟ籐礒[~ｶ虍(ﾓ
�>fﾍｲｾ挟ｬｵﾖｽｨﾆﾚd炻ﾟｰｾo�)
[ｯX�Z溜ｫhjﾈL��+zｽ�^AEｴﾙﾑ{��^�ﾐaA}�(���M｡｢ｶ｢�I%R/｡?P/SｯQ�qJﾀ�RｯS�OeP"･χQｪ�:N}簾:ｩ欖ﾟ胤Aﾜ(ﾍｬ嘲T�9dSｭ諠襪Tﾀ�*d�需ｯｩNﾌCEﾌ#豕ﾔｷﾍ醢?ｦzﾍ?5�緋3�R��1恕ｯ�A}ﾇｼhｾA�ｵTｿ�7赱Pｧﾌｿ3�3tﾔ�-ｯny放/[~ｱ�5dﾙbﾉｦｮYﾞｲｼEｭX>aﾙN�ﾎK1��ﾋW,�&ｳeｷ蘊毒eｯﾉj�1eX`ｲ`ﾊｲ�,Aﾓｧ,ﾟｶ6}ﾞﾒg�7}ﾑ�=ﾋ�ｩ9aｪｳ傾�ﾞ�5ﾋ憩ﾆ荼ﾌZ覡ﾋＦﾁﾔfｹaｹa
X~eｹcjﾇ��:-ｿｵｬ个剖ﾋ#ﾓﾁx�帝�Lﾟ�=�Mﾓﾟﾄ酘ﾎt6�ﾋi"ﾞﾄt7�ｯ��*.1�;��q/ﾅ?~$皜��ｪﾆｽ�｣ｸ効淒e糯≫r��!~>nG�q;��ﾏqo'�$恚ｫOoﾄ�ﾒ傔�ﾍ9?汕7ﾛe3rTｮ�ｺ�遙ｩr鄧奉咾ｳ�-T<:t炅樛退ｴﾞﾌﾞ�ｼﾞむ｢ﾞ釣ｲﾞ伎ﾜ鷯⊥ｫ�Zy[x;zhｭz{騰wｽm�ﾟ�ｾ�Qﾀ�5`�ｨ?�8炬2[ｿ`�ﾚb�｢ﾈg半ｧ貝ﾟ7}Qｦ��Lｦｳｦﾂﾙ?1�m!�ZL?7�%撰ﾄ^0�ﾂtm%oｨ&蜘S_2�ﾒd%o･ｾl厓�70vｧﾉqTｵ�
o乙�TYZ\j\*咩ｸｴｸ4年ﾞ#�H\n\.�(,3ｮ$ｮe�/ﾄﾞ維ｴ鋼3溺ﾞ顏8<Q"畢ﾚ{$�yｷ\-ﾗﾉ�>剔%ﾙ%kr@�?(柾ﾊ'Nﾉ�0�N�/ﾊ怜)yV椏茆yY^泰､X妊%YIS2浜�<･@)RJ�2･BｩQ齦ﾆ'l^ｱ)悗(柆�+A%｢ｰ>蝌ﾒｯ@ｫ=a朽�2｢�*羃裁�2ｩLιvUY��yoUy�09V(sﾈ鯛Hwd9r瓊ｩCS�撝�6I気`f買ﾞB[P>X<�4X*{斧mE･`/｢r�6y
4	捧2�ﾔ�ﾐ>ｰdP%ｽ�ｰ胼*�s?�ｳ�oﾞ�AｭﾞGAﾟ�(叝`呵?�?��ﾛ��&侒`ﾙ�'`G�]�M∝��+�h�#喧�柾�	�鏝`ﾛﾑ}ｨ��ﾑgﾐ#ｰﾏR&*恝ｶ�2胴ﾋ��1	武ｷﾋKｩL��%鶤鶤��5h9he-ｳ惲ｾIﾙﾐW);eGU膊扈韮)ｨ�ｦ墫{拍ﾒP-ﾕN�(k5�ｶ~�u一Eﾟ�甯>�>ﾐﾙ1ﾔD拘繹ｦ&ｨ�!�､�qﾔﾟQ��ｩi$�ﾊ�ｹHIﾈKﾈCﾍ萬=Wﾂg
騒ｼｯ蹼(N(FjBiB)�4^K�-畆ｨ5¨�Q-ｴJｸ_��ﾝ	ｩP(T jﾔhﾘﾐ檪%R儺!ﾕH｣d�8I�<�|P芥=`}ﾒ1ｩ_炊､iT�&､IiZｺ*ﾍK斤稚Gｺ'ｭJe糖 [�9]ﾎ痴ﾀByｧ\*陵瓶ｭｼGﾞ+ﾛeAvﾊｪｼ_)[螽ﾜ+聡ﾋ'衲�|^ｾ _ｻ"ﾏﾈﾗ蓁`7膽髜~､价樗T%��｢[�D逮ｴ�#�惲ﾛ�j��ﾂ�$ﾂﾋ_%,O!,魂<焚<魂<擴�#��刋�#,ﾏ",ﾟFX�&ay6a	ﾋsﾋﾟ",��ﾋ#\�$痙>磅vﾂｮｮ��ｳ��ｮ娜磔�	ｿｿ@}般ﾞcf�f�0ｻ培=�%ﾂ訃�_&l.#l�
ｰｹﾆ@ﾕc Cﾂ�
ﾂ覊�/ｩｿ��9]Mｾ栞硫ｹ�ｹ繭ﾗQ3ﾔ℡ﾂﾗｾ殊ﾑﾗﾄﾍ�J黶~J┯他5�Qﾀ8`0i�\ﾌ�1�+窕ﾗ禄�ﾇAﾎi/ｸ.蒲\容ﾛ涜ﾇﾄ+ｮ)�(椰竚kVq灣ﾄkｮ9kA�?�ｳxﾃuS"ｻxﾋu[￢� 鉚ykY>觧�Vｸﾖ艤ﾀ��ﾙ�8��*>r#ﾉ�ﾈ｣就�<顥/mu'ﾊ�OH樢D･$w2Aｪ;MﾊpgﾊWu烋�c�?Kﾛﾜﾙ;o	rﾝy��'mwH;ﾜE'!ｻKb蚣╋ﾋ]&ﾟ{iｷｻ窕ﾐ|Cﾋ征ﾝ5R攴�冑p7b4ﾟﾒｶaH鋿ｶ�肆$ﾉｭ<塁τ|ﾗ�$in��+ﾜAげ;Bpﾐﾝτ髜ﾛ執ﾎ{ｾ|鬥{I:�梼ｺ塾F�#m㏄ﾂﾝ�ap匏bRﾆ)� ﾁ�{Hv�<《霳ｧ0�ﾝﾏ才琇iﾊ=�fﾝW･9SXp/>�ﾏyﾕﾓ+ﾝvﾟ走ﾝ	~�9｢�<ﾇﾉy+靏酊奬｡�<ｦﾍﾀe(	 ｫ遉l�$<�ﾏi9ﾑc]Gｲ'et@也ﾙﾏU�=鈑4O:ｩ�&(�苹2=Yeｧ迺R�ｲ9ﾛ弐�<_[遧�<�･�ﾙﾖzｮ?ｫ>ｹﾈｳS.>�2Oｹ\皓|
5樛恒nﾄｴ�	-6ｴ2ｦqﾊ^ﾏｭ�)vﾏﾝ�:ｲﾎ��ｺﾞ/ｱ6<ﾛﾖ騫ｰｱNXK\[AS`�稚p･c将w?�假ｮm�\mW狐ｮ濵y|�｢z)釭f%萬ｪDｽI8ｾ(ｽﾞT|?孑ﾄ孱ﾃ寬懼訝抖N{ｷ+gｼ;pPﾎz恭ｶ堵ｾ+鄂ｻb岦\V.yｫ+Wｼuｸ-�oﾖN\&ﾁ5�>蠎猷nx%蝟ﾗ･ﾜﾊ}o@y��営�	ｸA�4笙ﾃ�卸ｳcｫw�#ﾉ{輸~K�vdx薯ﾘ況丨ｽL#ｦﾄbｮ詩士ﾞｸn蚕�ﾆ蹐ﾟ眄'qb~6ﾇv� >齎1�ｯq�>�=.祷�1ﾜ'虞� 殞s固[Gｱa�境18vｹ�1b1墜L#6n剣OﾄH#Nﾆ獵q垬ﾄ>�史w	�-市ｻtｬkﾀQ�&ﾛ�9ﾇ>�c�ﾆ{ﾑ!y/;\ﾞ)��%ﾇa脛Aﾆ-�#<��#�ﾀZ�8霓Iｴﾓ1]ﾄﾜﾂ藾捏m轄ﾜ_�[�n[嵒UL_ﾖﾇ�!隕罟�6鴣ﾞ袙|o惨ﾞﾇ�wﾗﾛ1ｬ"ﾇ9ﾕ�5徂~�15ﾑqQM&ﾗ}�\ﾖu|ｽ	4ﾊｨ3yﾖMzｼ�<�ﾃ1|�ﾖ}��:ｦ醐ｬｧ?SO鱠Fｭﾄ�ﾓﾈzH�翼ﾏﾁﾚm燔ｸvhｻ]ﾅZ5ﾎmp纜ﾆｵKｫ#ﾇ@ｳ懾j殘ｷﾖﾋ_\ﾕﾚ>ｧE-#:y�NcHN壽,P'RKb9↓A嶋ｦ碾状ｬu�4紗.F�-�,S�.�viﾚAW@;�
kG]ｵｮﾃﾚ)駐z憶%ｹY,oﾂ9O,Gﾁee�:ﾕｱ^築ﾅrｻXｦ=ﾖ`９c�ｸ,恟ｹNhﾃ8ﾟq旆ﾎｭ_粧ﾇﾏ��茎A徭ﾁｳｹｵ1r迯1y�ﾘ�ｹﾟ0ﾚus^ｷ恚ﾅｰ9ｯ句hﾏﾈﾍ\ﾃ:>47ﾃｹﾗﾆ�軆ｱｼkc糸�ｯﾅ酘ﾚdん躪Pﾓ�W7ﾕﾌX主ｸｭf;耗<ｬE�ｵ｢`^;ﾖﾔ"ﾂｧﾘq8�+ﾌ?ｲMT+慄jﾙOS�冕#ﾆﾆﾌVmX#忱*G､z槎c ﾎﾕO |ﾄ �tﾋY｡FﾈｶF妺喉<&恪�1ｧM傔0ｮ惧:�ﾇ婀Q∪uﾄ餮Gq�∬枋碵ﾏ�ｪ耒�:Aﾊ�p謎9窄掵�zﾕﾙｯﾎ;ﾔEｬEﾎ!uﾉ9｢ﾞq蒔肚*�D� 'pNｨ搏>ﾖc邏/�ﾇB躑湫9�q.昮I{-忤|9x樅\�穽r>ﾄ�7斈･ﾍ	ｾｫｯ轢X�cﾚﾜ懌ｫmNﾁﾀ蜻8�CYｾｽｸﾝ孕||麾yﾖ\鑚ミlﾞ餞ﾉo･ｾ�､罫_kys･/ﾚ\�mﾞ�;ﾒｼﾗwｼﾙ�;ﾙ,7;}g啅ﾟYﾜｾﾍ礼迚銘�7�ﾈ6��ﾐﾜ�ﾒ|ﾄ7ﾓ|ﾜwｭ��?8ﾇﾟ肴3ｾ[ﾍg}wﾉqCs嶂霻7_�=ﾀ裙qﾒ|ﾉfn樮ｶｮs560bﾞoｾｦ%疽埀kｩ�2!ﾊｵ�!ｿ韵W釮繒���#�g�!f�eﾆ刮ｯE僮f垰
~杠d�,1w丐aU�!kbX+崢ｦｳYl嶂ﾖ'ｱ;ﾙﾒ褜l9[ﾉﾖ2}ｺｱ)�v/sL7ﾖﾎ
ｬ填ﾙ�l�ｲｽ��8{�=ﾍ杪ﾏｲ釖�%�
��1ﾃ^cｯｳ7�ﾝﾘ[��>戈�ﾔﾗ汢ﾃw�;炒�緑 ｷﾟY}ﾆﾆ{`ｯ訊ﾐdｲ�*Y}混Θ"I鑾､�･惇ﾐ署ﾕﾐ薯ﾕﾐ書ﾕﾐ,ｲ�Y}闘�惇ﾐ藷ﾕﾐｷﾈjh.Y�Yﾍ#ｫ｡�$ｫ｡�0讎ﾑv4�ｲZHVC?KVC?GVC巾ｯﾐｯﾑ醵�+&k｢JﾖDｿHﾖDｿDﾖDw�5ﾑ/�5ﾑｯP儺&*'k｢o�5ﾑﾝdMdMｴぎ伽CﾖD+ﾉ喇YｭｦﾚｩTCuR晁ﾏﾈ喇Y�Y�:Yﾝ#�G靠ｩS?F硬M�dMdMｴﾉﾜc>�葹!ｴ嵒ﾌ?F誤Iﾄ冩��ｿｫﾐ鑓�ワｹJ7�Bｺ∇G3ｴDｻﾀ4:@��a�(}�>E�6ｽLｯﾐkｸC栃$3iL&届�1ﾘ錢z�>G肖云&~萱?G/ﾐ7ｱaﾞ�>	ｼﾁ嫖rﾌ[ﾀﾌ3ｴ!ｰsﾅBｸLy8�ﾌ_ v4�0?^$鵫$�/ﾁsﾉﾀ$ﾌ�$狡釥'ﾌヅ`ﾁ �	3 ��5ﾂ�Tﾂ�ﾗ｡�/o@��#0GHｯg�5BﾏﾟA勁承ｨ$鞳7H�#��&鰉lｪ牡｡藷}zﾔ�)z4小r底�ﾌ'ｽ�)ﾒ菌ﾉ奚ｧｩQcｨ Q	E	%埴ﾃ>l~ﾅ>ｼﾙ閾庫~ﾎ>3zﾈ~ﾑｰﾋ寫IｰOﾙgucｬ�9��G6鳶dﾙﾀnみﾆﾆ苣昀}%fLｾ}劦c
I	k42ﾌ｢ｳ哲､儚OSNｧﾑ呱枕ﾏ5,ﾏｰは&�t]3ﾎC�Vｱﾙﾄｺ&v/ｱ鍵ﾋ�#寥9O隆F0