蟷ｴ鮨｢蛻･,n,蜑ｲ蜷茨ｼ茨ｼ�ｼ�,蛯呵��
莉雁屓隱ｿ譟ｻ18繝ｻ19豁ｳ,30,50.0,
蟷ｳ謌�26蟷ｴ18繝ｻ19豁ｳ,,,
莉雁屓隱ｿ譟ｻ20莉｣,181,40.9,
蟷ｳ謌�26蟷ｴ20莉｣,146,43.2,
莉雁屓隱ｿ譟ｻ30莉｣,226,47.3,
蟷ｳ謌�26蟷ｴ30莉｣,285,46.7,
莉雁屓隱ｿ譟ｻ40莉｣,367,54.0,
蟷ｳ謌�26蟷ｴ40莉｣,365,54.0,
莉雁屓隱ｿ譟ｻ50莉｣,356,55.9,
蟷ｳ謌�26蟷ｴ50莉｣,334,59.6,
莉雁屓隱ｿ譟ｻ60莉｣,312,64.4,
蟷ｳ謌�26蟷ｴ60莉｣,355,68.7,
莉雁屓隱ｿ譟ｻ70豁ｳ莉･荳�,348,66.4,
蟷ｳ謌�26蟷ｴ70豁ｳ莉･荳�,425,75.1,
,,,�域ｳｨ1��18繝ｻ19豁ｳ縺ｯ莉雁屓隱ｿ譟ｻ縺九ｉ隱ｿ譟ｻ蟇ｾ雎｡縺ｫ霑ｽ蜉�
,,,�域ｳｨ2�牙ｹｳ謌�26蟷ｴ縺ｯ縲碁�豌代�繧ｹ繝昴�繝�ｴｻ蜍輔↓髢｢縺吶ｋ荳冶ｫ冶ｪｿ譟ｻ�亥ｹｳ謌�26蟷ｴ10譛郁ｪｿ譟ｻ�峨��
ｻ裹屓遲�,蜑ｲ蜷茨ｼ茨ｼ�ｼ�,蛯呵��
驕楢ｷｯ繧�♀豁ｩ驕�,64.5,
蠎��ｴ繧��蝨�,27.6,
豌鷹俣縺ｮ繧ｹ繝昴�繝�命險ｭ,26.2,
閾ｪ螳�,21.5,
螻ｱ繝ｻ蟾昴�豬ｷ,19.8,
蜈ｬ蜈ｱ縺ｮ繧ｹ繝昴�繝�命險ｭ,19.3,
蟄ｦ譬｡縺ｮ菴楢ご譁ｽ險ｭ,5.4,
閨ｷ蝣ｴ縺ｮ繧ｹ繝昴�繝�命險ｭ,1.7,
縺昴�莉�,3.5,
繧上°繧峨↑縺�,0.8,
,,"n=1,547"
,,M.T.=190.3
漁縺昴蝗樒ｭ�,莉雁屓隱ｿ譟ｻ�茨ｼ�ｼ�,蟷ｳ謌�26蟷ｴ�茨ｼ�ｼ�,蛯呵��
驕楢ｷｯ繧�♀豁ｩ驕�,64.5,70.8,
蠎��ｴ繧��蝨�,27.6,29.2,
豌鷹俣縺ｮ繧ｹ繝昴�繝�命險ｭ,26.2,25.9,
閾ｪ螳�,21.5,17.5,
螻ｱ繝ｻ蟾昴�豬ｷ,19.8,23.8,
蜈ｬ蜈ｱ縺ｮ繧ｹ繝昴�繝�命險ｭ,19.3,21.2,
蟄ｦ譬｡縺ｮ菴楢ご譁ｽ險ｭ,5.4,4.0,
閨ｷ蝣ｴ縺ｮ繧ｹ繝昴�繝�命險ｭ,1.7,1.7,
縺昴�莉�,3.5,2.9,
繧上°繧峨↑縺�,0.8,1.0,
,,,莉雁屓隱ｿ譟ｻ��=1547��
,,,蟷ｳ謌�26蟷ｴ��=1683��
,,,�域ｳｨ�牙ｹｳ謌�26蟷ｴ縺ｯ縲碁�豌代�繧ｹ繝昴�繝�ｴｻ蜍輔↓髢｢縺吶ｋ荳冶ｫ冶ｪｿ譟ｻ�亥ｹｳ謌�26蟷ｴ10譛郁ｪｿ譟ｻ�峨��
�,390,,n,道路や遊歩道（％）,広場や公園（％）,民間のスポーツ施設（％）,自宅（％）,山・川・海（％）,公共のスポーツ施設（％）,学校の体育施設（％）,職場のスポーツ施設（％）,その他（％）,わからない（％）
全体,1547,64.5,27.6,26.2,21.5,19.8,19.3,5.4,1.7,3.5,0.8
エリア別区部（計）,1011,63.0,27.7,27.7,20.9,19.6,19.4,5.7,1.6,3.0,0.9
エリア別区部センター・コア,247,62.3,26.7,24.7,19.0,17.4,19.8,4.5,0.8,3.2,1.6
エリア別区部区部東部・北部,326,61.3,28.2,24.8,21.8,16.9,18.4,6.1,1.8,3.4,0.6
エリア別区部区部西部・南部,438,64.6,27.9,31.5,21.2,22.8,19.9,6.2,1.8,2.5,0.7
エリア別市町村部（計）,536,67.4,27.4,23.5,22.8,20.1,19.0,4.7,2.1,4.5,0.6
エリア別市町村部多摩東部,194,68.6,30.9,24.2,21.1,20.6,18.6,3.6,1.0,3.6,
エリア別市町村部多摩中央部北,79,57.0,27.8,21.5,15.2,27.8,19.0,7.6,2.5,3.8,2.5
エリア別市町村部多摩中央部南,229,68.1,25.3,23.6,26.2,17.9,20.1,4.4,2.6,5.2,0.4
エリア別市町村部多摩西部・島しょ,34,79.4,20.6,23.5,26.5,14.7,14.7,5.9,2.9,5.9,
性・年齢別男性（計）,741,64.9,30.2,26.6,17.5,21.5,17.7,5.7,1.5,3.2,0.7
性・年齢別男性18・19歳,16,31.3,37.5,18.8,,18.8,37.5,43.8,,,6.3
性・年齢別男性20代,74,56.8,43.2,32.4,24.3,24.3,27.0,18.9,2.7,5.4,
性・年齢別男性30代,99,58.6,35.4,27.3,16.2,27.3,25.3,7.1,2.0,2.0,1.0
性・年齢別男性40代,150,65.3,34.0,31.3,14.7,30.0,22.0,4.7,2.0,1.3,0.7
性・年齢別男性50代,140,67.9,23.6,29.3,17.1,19.3,7.9,2.9,2.1,2.9,0.7
性・年齢別男性60代,133,73.7,22.6,21.1,13.5,18.8,14.3,1.5,0.8,6.0,
性・年齢別男性70歳以上,129,65.9,28.7,20.9,24.8,10.9,13.2,0.8,,3.1,0.8
性・年齢別女性（計）,806,64.1,25.2,25.9,25.2,18.2,20.7,5.1,2.0,3.7,0.9
性・年齢別女性18・19歳,12,75.0,16.7,41.7,25.0,33.3,33.3,58.3,,16.7,
性・年齢別女性20代,81,71.6,28.4,28.4,21.0,29.6,13.6,11.1,1.2,2.5,
性・年齢別女性30代,94,68.1,33.0,31.9,22.3,19.1,23.4,3.2,3.2,,1.1
性・年齢別女性40代,179,63.1,30.7,26.8,24.6,25.7,24.6,3.9,3.4,3.9,0.6
性・年齢別女性50代,160,65.0,21.9,30.6,28.8,19.4,15.0,4.4,2.5,1.9,1.3
性・年齢別女性60代,128,65.6,22.7,21.9,25.8,11.7,21.9,4.7,1.6,3.1,0.8
性・年齢別女性70歳以上,152,55.9,18.4,17.1,25.7,5.9,22.4,1.3,,7.9,1.3
職業別自営・家族従業（計）,199,65.3,27.6,24.1,21.1,20.6,14.1,3.5,1.5,2.5,2.0
職業別勤め（計）,803,64.4,28.4,29.1,19.4,23.4,18.3,4.6,2.7,3.0,0.6
職業別勤め経営・管理職,46,58.7,21.7,37.0,21.7,23.9,17.4,8.7,,2.2,
職業別勤め専門・技術職,35,60.0,28.6,25.7,25.7,22.9,22.9,5.7,5.7,,
職業別勤め事務職,411,68.1,28.7,31.4,19.5,25.1,18.7,4.9,2.7,2.9,0.7
職業別勤め労務・技能職,126,56.3,26.2,26.2,15.9,19.8,18.3,0.8,3.2,4.8,1.6
職業別勤め販売・サービス職,161,64.0,31.1,24.2,20.5,20.5,16.1,4.3,1.9,2.5,
職業別無職の主婦・主夫,355,66.8,25.6,23.7,25.9,13.5,23.7,2.5,0.3,5.4,0.6
職業別学生,65,60.0,35.4,30.8,23.1,33.8,33.8,41.5,1.5,3.1,1.5
職業別その他の無職,118,59.3,23.7,15.3,22.0,5.9,14.4,2.5,,2.5,
鴻裹屓遲�,蜑ｲ蜷茨ｼ茨ｼ�ｼ�,蛯呵��
蛛･蠎ｷ繝ｻ菴灘鴨縺･縺上ｊ縺ｮ縺溘ａ,67.2,
驕句虚荳崎ｶｳ繧呈─縺倥ｋ縺九ｉ,49.2,
讌ｽ縺励∩繧��∵ｰ玲匐繧峨＠縺ｨ縺励※,47.9,
蜿倶ｺｺ繝ｻ莉ｲ髢薙→縺ｮ莠､豬√→縺励※,24.2,
鄒主ｮｹ繧�ぇ貅�隗｣豸医�縺溘ａ,15.1,
螳ｶ譌上�縺ｵ繧後≠縺�→縺励※,13.8,
閾ｪ蟾ｱ縺ｮ險倬鹸繧��蜉帙ｒ蜷台ｸ翫＆縺帙ｋ縺溘ａ,5.7,
邊ｾ逾槭�菫ｮ鬢翫ｄ險鍋ｷｴ縺ｮ縺溘ａ,5.4,
縺昴�莉�,3.2,
迚ｹ縺ｫ逅�罰縺ｯ縺ｪ縺�,1.9,
,,n=1547
,,M.T.=233.5
�,1蝗樒ｭ�,莉雁屓隱ｿ譟ｻ�茨ｼ�ｼ�,蟷ｳ謌�26蟷ｴ�茨ｼ�ｼ�,蛯呵��
蛛･蠎ｷ繝ｻ菴灘鴨縺･縺上ｊ縺ｮ縺溘ａ,67.2,65.4,
驕句虚荳崎ｶｳ繧呈─縺倥ｋ縺九ｉ,49.2,48.2,
讌ｽ縺励∩繧��∵ｰ玲匐繧峨＠縺ｨ縺励※,47.9,51.8,
蜿倶ｺｺ繝ｻ莉ｲ髢薙→縺ｮ莠､豬√→縺励※,24.2,28.6,
鄒主ｮｹ繧�ぇ貅�隗｣豸医�縺溘ａ,15.1,15.3,
螳ｶ譌上�縺ｵ繧後≠縺�→縺励※,13.8,14.7,
閾ｪ蟾ｱ縺ｮ險倬鹸繧��蜉帙ｒ蜷台ｸ翫＆縺帙ｋ縺溘ａ,5.7,4.8,
邊ｾ逾槭�菫ｮ鬢翫ｄ險鍋ｷｴ縺ｮ縺溘ａ,5.4,4.7,
縺昴�莉�,3.2,2.6,
迚ｹ縺ｫ逅�罰縺ｯ縺ｪ縺�,1.9,1.8,
,,,莉雁屓隱ｿ譟ｻ��=1547��
,,,蟷ｳ謌�26蟷ｴ��=1683��
�,n,健康・体力づくりのため（％）,運動不足を感じるから（％）,楽しみや、気晴らしとして（％）,友人・仲間との交流として（％）,美容や肥満解消のため（％）,家族のふれあいとして（％）,自己の記録や能力を向上させるため（％）,精神の修養や訓練のため（％）,その他（％）,特に理由はない（％）
全体,1547,67.2,49.2,47.9,24.2,15.1,13.8,5.7,5.4,3.2,1.9
性・年齢別男性（計）,741,66.4,52.0,47.8,25.1,10.4,13.2,7.4,5.9,2.6,0.9
性・年齢別男性18・19歳,16,43.8,25.0,56.3,56.3,6.3,,12.5,6.3,,6.3
性・年齢別男性20代,74,48.6,45.9,58.1,41.9,6.8,6.8,10.8,4.1,5.4,
性・年齢別男性30代,99,61.6,49.5,48.5,25.3,15.2,26.3,7.1,11.1,1.0,1.0
性・年齢別男性40代,150,63.3,54.0,53.3,25.3,13.3,22.7,7.3,7.3,4.0,2.0
性・年齢別男性50代,140,65.7,55.7,52.1,12.1,12.9,12.1,8.6,5.0,1.4,
性・年齢別男性60代,133,76.7,54.9,42.1,25.6,9.8,6.0,7.5,3.8,3.0,
性・年齢別男性70歳以上,129,76.7,51.2,34.9,24.8,3.9,6.2,3.9,4.7,1.6,1.6
性・年齢別女性（計）,806,67.9,46.7,48.0,23.3,19.4,14.3,4.1,4.8,3.8,2.9
性・年齢別女性18・19歳,12,41.7,8.3,41.7,50.0,25.0,8.3,8.3,,,16.7
性・年齢別女性20代,81,46.9,50.6,54.3,37.0,17.3,13.6,2.5,2.5,1.2,6.2
性・年齢別女性30代,94,66.0,42.6,54.3,13.8,26.6,27.7,4.3,6.4,6.4,2.1
性・年齢別女性40代,179,62.0,42.5,58.7,15.1,22.9,22.3,5.0,2.2,5.6,2.2
性・年齢別女性50代,160,73.8,55.6,53.8,23.1,23.1,10.6,5.0,6.3,4.4,1.9
性・年齢別女性60代,128,75.8,53.1,33.6,26.6,17.2,8.6,5.5,5.5,3.1,2.3
性・年齢別女性70歳以上,152,76.3,40.1,34.9,27.0,9.2,5.9,1.3,6.6,2.0,2.6
ライフステージ別学校教育期,60,45.0,35.0,66.7,55.0,11.7,8.3,11.7,5.0,,5.0
ライフステージ別独身期,146,56.2,53.4,50.0,32.9,19.9,3.4,6.8,4.8,2.7,2.7
ライフステージ別家族形成期,146,59.6,41.1,54.8,21.9,13.0,37.0,5.5,6.8,5.5,1.4
ライフステージ別家族成長前期,152,64.5,42.1,57.2,21.1,18.4,38.2,5.3,5.3,3.9,1.3
ライフステージ別家族成長後期,132,64.4,48.5,54.5,17.4,21.2,15.2,6.8,6.1,4.5,4.5
ライフステージ別家族成熟期,254,72.4,53.1,46.9,23.2,18.5,9.4,8.7,5.1,3.1,1.2
ライフステージ別高齢期,352,75.6,48.3,37.2,27.0,8.2,7.1,3.1,5.4,2.0,2.3
ｳ繝ｳ繝�Φ繝�ｸ�闊ｬ,7181,6014,119.4
2,繧｢繝�繝ｫ繝域ュ蝣ｱ繧ｵ繧､繝�,6006,10827,55.5
3,蝠�刀荳�闊ｬ,677,685,98.8
4,闊井ｿ｡謇�,523,251,208.4
5,雉�ｲｸ繧｢繝代�繝�,278,305,91.1
u  ,28蟷ｴ蠎ｦ�井ｻｶ��,27蟷ｴ蠎ｦ�井ｻｶ��,蟇ｾ蜑榊ｹｴ蠎ｦ豈�(%)
20豁ｳ譛ｪ貅�,714,1214,58.8
20豁ｳ莉｣,1774,2219,79.9
30豁ｳ莉｣,2348,3195,73.5
40豁ｳ莉｣,3505,4496,78.0
50豁ｳ莉｣,3533,4098,86.2
60豁ｳ莉｣,3426,3834,89.4
70豁ｳ莉･荳�,2493,2600,95.9
荳肴�遲�,1133,1298,87.3
險�,18926,22954,82.5
  ,24,25,26,27,28
莉ｶ謨ｰ,25,70,302,391,652
「  ,蟷ｳ謌�24蟷ｴ蠎ｦ(莉ｶ),蟷ｳ謌�25蟷ｴ蠎ｦ(莉ｶ),蟷ｳ謌�26蟷ｴ蠎ｦ(莉ｶ),蟷ｳ謌�27蟷ｴ蠎ｦ(莉ｶ),蟷ｳ謌�28蟷ｴ蠎ｦ(莉ｶ)
蛹也ｲｧ蜩�,70,61,55,155,395
蛛･蠎ｷ鬟溷刀,43,188,212,631,1530
鬟ｲ譁�,7,1,22,60,157
蜷郁ｨ�,120,250,289,846,2082
 ,逕ｷ諤ｧ,螂ｳ諤ｧ,荳肴�遲�,,
蜑ｲ蜷�(��),21,78,1,,
「  ｨｷ+「  ｨｷ+「  ｨｷ+「  ｨｷ+「  ｨｷ+「  ｨｷ+「  ｨｷ+「  ｨｷ+「  ｨｷ+「  ｨｷ+「  ｨｷ+「  ｨｷ+「  Hﾀ+「  Hﾀ+「                                                                                  7禿ﾅ  �学科,,第１学年,�