区分,令和元年度決算額（億円）,令和元年度補正後予算額（億円）,平成30年度決算額（億円）,差引増減額等対元年度補正後（億円）,差引増減額等増減率（％）,差引増減額等対30年度決算（億円）,差引増減額等増減率（％）
個人都民税,9589,9552,9298,36,0.4,291,3.1
法人都民税,9726,9672,9540,53,0.6,186,1.9
都民税利子割,70,73,96,[sanitize]3,[sanitize]3.8,[sanitize]26,[sanitize]27.2
個人事業税,537,539,528,[sanitize]2,[sanitize]0.3,9,1.6
法人事業税,12075,12047,10907,28,0.2,1169,10.7
繰入地方消費税,5286,5265,5523,21,0.4,[sanitize]237,[sanitize]4.3
不動産取得税,824,816,838,9,1.1,[sanitize]13,[sanitize]1.6
都たばこ税,162,159,162,3,1.9,0,[sanitize]0.1
ゴルフ場利用税,6,6,6,0,[sanitize]0.2,0,[sanitize]0.3
自動車取得税,93,93,181,0,0,[sanitize]89,[sanitize]48.9
軽油引取税,393,393,401,0,0,[sanitize]9,[sanitize]2.1
自動車税,1025,1026,1049,0,0,[sanitize]24,[sanitize]2.3
環境性能割,48,49,[sanitize],[sanitize]1,[sanitize]1.9,48,皆増
種別割,9,9,[sanitize],0,[sanitize]1.4,9,皆増
鉱区税,0,0,0,0,[sanitize]0.1,[sanitize],0
固定資産税,12852,12863,12427,[sanitize]11,[sanitize]0.1,425,3.4
特別土地保有税,[sanitize],0,[sanitize],0,皆減,[sanitize],[sanitize]
狩猟税,0,0,0,0,[sanitize]0.8,0,[sanitize]0.8
事業所税,1109,1104,1075,5,0.5,34,3.2
都市計画税,2487,2489,2405,[sanitize]2,[sanitize]0.1,82,3.4
宿泊税,27,28,27,[sanitize]1,[sanitize]4.9,0,1.5
旧法による税,[sanitize],0,[sanitize],0,皆減,[sanitize],[sanitize]
計,56318,56183,54464,135,0.2,1854,3.4
法人二税,21801,21719,20447,81,0.4,1354,6.6
固定・都市計,15339,15353,14833,[sanitize]13,[sanitize]0.1,507,3.4
法人二税,21ｸｬ,1,6,13,14,10,0,1,谺�貂ｬ,6,5,9,8,3,3,6,9,8,10,9,3,谺�貂ｬ,3,10,6,3,谺�貂ｬ,谺�貂ｬ,3,9,12,10,5,1,2,3,5,3,谺�貂ｬ,谺�貂ｬ,谺�貂ｬ,谺�貂ｬ
131229,13122010,119,譚ｱ莠ｬ驛ｽ,闡幃｣ｾ蛹ｺ,闡幃｣ｾ蛹ｺ骼悟��,�ｶ�ゑｽｼ�ｶ�ｸ�ｶ�擾ｽｸ��,譚ｱ莠ｬ驛ｽ闡幃｣ｾ蛹ｺ骼悟��2-21-4,35.744444,139.877222,蠕ｮ蟆冗ｲ貞ｭ千憾迚ｩ雉ｪ,2020-04-11,04,谺�貂ｬ,谺�貂ｬ,谺�貂ｬ,谺�貂ｬ,谺�貂ｬ,1,3,谺�貂ｬ,1,5,7,4,0,3,5,7,9,10,3,2,1,6,8,8,9,5,谺�貂ｬ,谺�貂ｬ,3,谺�貂ｬ,2,3,9,5,1,1,4,5,9,9,4,谺�貂ｬ,2,5,9,5,9,2,2,2,8,9,6,3,谺�貂ｬ,谺�貂ｬ,谺�貂ｬ,5,1,2
131229,13122010,119,譚ｱ莠ｬ驛ｽ,闡幃｣ｾ蛹ｺ,闡幃｣ｾ蛹ｺ骼悟��,�ｶ�ゑｽｼ�ｶ�ｸ�ｶ�擾ｽｸ��,譚ｱ莠ｬ驛ｽ闡幃｣ｾ蛹ｺ骼悟��2-21-4,35.744444,139.877222,蠕ｮ蟆冗ｲ貞ｭ千憾迚ｩ雉ｪ,2020-04-11,05,谺�貂ｬ,谺�貂ｬ,谺�貂ｬ,谺�貂ｬ,谺�貂ｬ,0,4,谺�貂ｬ,谺�貂ｬ,谺�貂ｬ,谺�貂ｬ,谺�貂ｬ,谺�貂ｬ,谺�貂ｬ,谺�貂ｬ,谺�貂ｬ,谺�貂ｬ,9,12,谺�貂ｬ,14,13,9,11,13,18,10,2,谺�貂ｬ,谺�貂ｬ,0,2,6,1,谺�貂ｬ,谺�貂ｬ,谺�貂ｬ,谺�貂ｬ,0,谺�貂ｬ,3,0,6,9,21,19,16,15,13,16,8,11,7,7,0,谺�貂ｬ,谺�貂ｬ,4,6,6
131229,13122010,119,譚ｱ莠ｬ驛ｽ,闡幃｣ｾ蛹ｺ,闡幃｣ｾ蛹ｺ骼悟��,�ｶ�ゑｽｼ�ｶ�ｸ�ｶ�擾ｽｸ��,譚ｱ莠ｬ驛ｽ闡幃｣ｾ蛹ｺ骼悟��2-21-4,35.744444,139.877222,蠕ｮ蟆冗ｲ貞ｭ千憾迚ｩ雉ｪ,2020-04-11,06,9,8,6,6,9,16,13,8,8,8,5,7,3,6,谺�貂ｬ,谺�貂ｬ,谺�貂ｬ,1,9,3,7,1,5,5,5,6,4,6,谺�貂ｬ,2,6,13,14,9,12,5,4,0,5,7,3,谺�貂ｬ,谺�貂ｬ,谺�貂ｬ,谺�貂ｬ,1,4,4,3,谺�貂ｬ,谺�貂ｬ,0,6,5,3,1,1,3,2,5
131229,13122010,119,譚ｱ莠ｬ驛ｽ,闡幃｣ｾ蛹ｺ,闡幃｣ｾ蛹ｺ骼悟��,�ｶ�ゑｽｼ�ｶ�ｸ�ｶ�擾ｽｸ��,譚ｱ莠ｬ驛ｽ闡幃｣ｾ蛹ｺ骼悟��2-21-4,35.744444,139.877222,蠕ｮ蟆冗ｲ貞ｭ千憾迚ｩ雉ｪ,2020-04-11,07,5,4,0,4,3,8,7,3,谺�貂ｬ,谺�貂ｬ,谺�貂ｬ,谺�貂ｬ,4,10,14,11,14,13,11,6,7,9,5,0,谺�貂ｬ,2,2,6,7,9,7,5,7,5,4,谺�貂ｬ,谺�貂ｬ,谺�貂ｬ,4,9,10,10,9,5,2,4,10,8,8,6,4,谺�貂ｬ,谺�貂ｬ,0,7,谺�貂ｬ,15,15,4,3
131229,13122010,119,譚ｱ莠ｬ驛ｽ,闡幃｣ｾ蛹ｺ,闡幃｣ｾ蛹ｺ骼悟��,�ｶ�ゑｽｼ�ｶ�ｸ�ｶ�擾ｽｸ��,譚ｱ莠ｬ驛ｽ闡幃｣ｾ蛹ｺ骼悟��2-21-4,35.744444,139.877222,蠕ｮ蟆冗ｲ貞ｭ千憾迚ｩ雉ｪ,2020-04-11,08,0,3,9,6,5,谺�貂ｬ,1,1,11,谺�貂ｬ,谺�貂ｬ,25,12,4,3,6,8,3,谺�貂ｬ,谺�貂ｬ,谺�貂ｬ,谺�貂ｬ,7,16,20,9,谺�貂ｬ,2,9,15,6,7,4,7,谺�貂ｬ,3,7,7,谺�貂ｬ,谺�貂ｬ,3,7,3,1,2,0,3,1,5,1,谺�貂ｬ,谺�貂ｬ,谺�貂ｬ,谺�貂ｬ,谺�貂ｬ,1,3,6,6,11
131229,13122010,119,譚ｱ莠ｬ驛ｽ,闡幃｣ｾ蛹ｺ,闡幃｣ｾ蛹ｺ骼悟��,�ｶ�ゑｽｼ�ｶ�ｸ�ｶ�擾ｽｸ��,譚ｱ莠ｬ驛ｽ闡幃｣ｾ蛹ｺ骼悟��2-21-4,35.744444,139.877222,蠕ｮ蟆冗ｲ貞ｭ千憾迚ｩ雉ｪ,2020-04-11,09,2,谺�貂ｬ,1,5,4,4,1,谺�貂ｬ,谺�貂ｬ,谺�貂ｬ,2,6,12,13,11,5,7,12,17,15,12,2,谺�貂ｬ,1,8,18,9,9,0,5,8,14,12,3,1,1,11,10,12,3,谺�貂ｬ,谺�貂ｬ,1,13,14,18,9,7,2,7,6,13,13,10,5,0,9,8,14,13
131229,13122010,119,譚ｱ莠ｬ驛ｽ,闡幃｣ｾ蛹ｺ,闡幃｣ｾ蛹ｺ骼悟��,�ｶ�ゑｽｼ�ｶ�ｸ�ｶ�擾ｽｸ��,譚ｱ莠ｬ驛ｽ闡幃｣ｾ蛹ｺ骼悟��2-21-4,35.744444,139.877222,蠕ｮ蟆冗ｲ貞ｭ千憾迚ｩ雉ｪ,2020-04-11,10,18,13,13,10,9,5,9,11,12,8,6,6,10,11,12,11,2,2,2,19,25,23,17,13,12,8,11,12,6,谺�貂ｬ,谺�貂ｬ,谺�貂ｬ,谺�貂ｬ,谺�貂ｬ,谺�貂ｬ,6,4,4,8,16,9,3,1,4,谺�貂ｬ,谺�貂ｬ,1,2,谺�貂ｬ,谺�貂ｬ,7,4,6,1,8,6,11,11,16,11
131229,13122010,119,譚ｱ莠ｬ驛ｽ,闡幃｣ｾ蛹ｺ,闡幃｣ｾ蛹ｺ骼悟��,�ｶ�ゑｽｼ�ｶ�ｸ�ｶ�擾ｽｸ��,譚ｱ莠ｬ驛ｽ闡幃｣ｾ蛹ｺ骼悟��2-21-4,35.744444,139.877222,蠕ｮ蟆冗ｲ貞ｭ千憾迚ｩ雉ｪ,2020-04-11,11,5,8,9,17,16,13,4,谺�貂ｬ,谺�貂ｬ,1,7,3,1,谺�貂ｬ,谺�貂ｬ,2,4,13,12,13,5,8,10,13,11,8,10,5,6,10,9,12,5,6,1,谺�貂ｬ,谺�貂ｬ,1,5,0,3,1,4,10,9,19,16,14,4,谺�貂ｬ,2,9,13,4,12,5,9,7,13,23
131229,13122010,119,譚ｱ莠ｬ驛ｽ,闡幃｣ｾ蛹ｺ,闡幃｣ｾ蛹ｺ骼悟��,�ｶ�ゑｽｼ�ｶ�ｸ�ｶ�擾ｽｸ��,譚ｱ莠ｬ驛ｽ闡幃｣ｾ蛹ｺ骼悟��2-21-4,35.744444,139.877222,蠕ｮ蟆冗ｲ貞ｭ千憾迚ｩ雉ｪ,2020-04-11,12,11,5,5,7,2,3,4,14,15,9,9,11,6,3,1,4,2,谺�貂ｬ,谺�貂ｬ,谺�貂ｬ,0,谺�貂ｬ,4,9,17,12,9,5,9,10,15,18,14,11,6,11,13,14,10,8,5,7,8,5,1,2,5,11,9,10,10,3,7,10,18,9,8,4,9,2
131229,13122010,119,譚ｱ莠ｬ驛ｽ,闡幃｣ｾ蛹ｺ,闡幃｣ｾ蛹ｺ骼悟��,�ｶ�ゑｽｼ�ｶ�ｸ�ｶ�擾ｽｸ��,譚ｱ莠ｬ驛ｽ闡幃｣ｾ蛹ｺ骼悟��2-21-4,35.744444,139.877222,蠕ｮ蟆冗ｲ貞ｭ千憾迚ｩ雉ｪ,2020-04-11,13,7,11,10,11,7,13,5,7,谺�貂ｬ,1,谺�貂ｬ,2,6,3,5,6,16,12,21,18,20,12,14,17,15,13,8,11,5,12,15,17,10,9,9,10,4,8,9,10,6,10,5,6,4,8,15,10,11,2,7,5,10,8,10,7,4,8,9,12
131229,13122010,119,譚ｱ莠ｬ驛ｽ,闡幃｣ｾ蛹ｺ,闡幃｣ｾ蛹ｺ骼悟��,�ｶ�ゑｽｼ�ｶ�ｸ�ｶ�擾ｽｸ��,譚ｱ莠ｬ驛ｽ闡幃｣ｾ蛹ｺ骼悟��2-21-4,35.744444,139.877222,蠕ｮ蟆冗ｲ貞ｭ千憾迚ｩ雉ｪ,2020-04-11,14,6,4,4,6,4,谺�貂ｬ,谺�貂ｬ,0,9,5,9,1,8,8,14,18,20,22,12,19,17,谺�貂ｬ,19,16,12,10,10,6,11,3,3,0,4,10,9,13,2,谺�貂ｬ,谺�貂ｬ,7,11,9,2,谺�貂ｬ,谺�貂ｬ,谺�貂ｬ,3,6,8,8,9,14,23,28,27,17,11,9,8,10
131229,13122010,119,譚ｱ莠ｬ驛ｽ,闡幃｣ｾ蛹ｺ,闡幃｣ｾ蛹ｺ骼悟��,�ｶ�ゑｽｼ�ｶ�ｸ�ｶ�擾ｽｸ��,譚ｱ莠ｬ驛ｽ闡幃｣ｾ蛹ｺ骼悟��2-21-4,35.744444,139.877222,蠕ｮ蟆冗ｲ貞ｭ千憾迚ｩ雉ｪ,2020-04-11,15,4,3,谺�貂ｬ,谺�貂ｬ,3,11,15,13,6,1,谺�貂ｬ,1,2,6,3,6,7,14,14,15,14,16,18,22,21,18,16,15,14,10,14,8,6,谺�貂ｬ,0,4,6,4,8,16,16,10,1,7,4,2,谺�貂ｬ,5,12,8,4,8,15,10,12,13,17,11,3,5
131229,13122010,119,譚ｱ莠ｬ驛ｽ,闡幃｣ｾ蛹ｺ,闡幃｣ｾ蛹ｺ骼悟��,�ｶ�ゑｽｼ�ｶ�ｸ�ｶ�擾ｽｸ��,譚ｱ莠ｬ驛ｽ闡幃｣ｾ蛹ｺ骼悟��2-21-4,35.744444,139.877222,蠕ｮ蟆冗ｲ貞ｭ千憾迚ｩ雉ｪ,2020-04-11,16,3,6,8,8,10,7,12,15,20,22,27,29,29,24,19,15,15,12,7,1,3,谺�貂ｬ,谺�貂ｬ,谺�貂ｬ,6,13,10,9,12,13,8,7,8,11,9,4,1,3,谺�貂ｬ,2,0,7,6,7,0,5,1,5,7,4,8,1,5,4,12,11,15,12,17,21
131229,13122010,119,譚ｱ莠ｬ驛ｽ,闡幃｣ｾ蛹ｺ,闡幃｣ｾ蛹ｺ骼悟��,�ｶ�ゑｽｼ�ｶ�ｸ�ｶ�擾ｽｸ��,譚ｱ莠ｬ驛ｽ闡幃｣ｾ蛹ｺ骼悟��2-21-4,35.744444,139.877222,蠕ｮ蟆冗ｲ貞ｭ千憾迚ｩ雉ｪ,2020-04-11,17,24,29,30,32,29,28,28,28,23,26,29,29,25,21,22,22,20,17,18,15,8,谺�貂ｬ,谺�貂ｬ,4,3,4,5,13,10,11,12,24,21,12,11,8,9,3,3,2,4,0,10,11,17,14,12,10,10,8,6,4,1,3,1,6,6,4,2,0
131229,13122010,119,譚ｱ莠ｬ驛ｽ,闡幃｣ｾ蛹ｺ,闡幃｣ｾ蛹ｺ骼悟��,�ｶ�ゑｽｼ�ｶ�ｸ�ｶ�擾ｽｸ��,譚ｱ莠ｬ驛ｽ闡幃｣ｾ蛹ｺ骼悟��2-21-4,35.744444,139.877222,蠕ｮ蟆冗ｲ貞ｭ千憾迚ｩ雉ｪ,2020-04-11,18,5,6,5,4,4,2,7,4,15,14,15,10,11,9,5,3,谺�貂ｬ,10,7,9,3,5,10,12,15,8,7,1,5,6,5,4,谺�貂ｬ,谺�貂ｬ,谺�貂ｬ,3,7,8,2,1,2,10,14,11,8,13,13,10,2,谺�貂ｬ,谺�貂ｬ,2,6,15,15,11,7,9,14,13
131229,13122010,119,譚ｱ莠ｬ驛ｽ,闡幃｣ｾ蛹ｺ,闡幃｣ｾ蛹ｺ骼悟��,�ｶ�ゑｽｼ�ｶ�ｸ�ｶ�擾ｽｸ��,譚ｱ莠ｬ驛ｽ闡幃｣ｾ蛹ｺ骼悟��2-21-4,35.744444,139.877222,蠕ｮ蟆冗ｲ貞ｭ千憾迚ｩ雉ｪ,2020-04-11,19,14,8,2,谺�貂ｬ,谺�貂ｬ,谺�貂ｬ,谺�貂ｬ,谺�貂ｬ,谺�貂ｬ,谺�貂ｬ,谺�貂ｬ,谺�貂ｬ,0,1,5,8,3,3,1,11,9,16,10,7,2,1,8,9,12,10,6,4,4,11,8,13,9,11,12,11,8,1,1,3,2,3,7,8,谺�貂ｬ,谺�貂ｬ,谺�貂ｬ,4,8,1,6,2,6,5,12,8
131229,13122010,119,譚ｱ莠ｬ驛ｽ,闡幃｣ｾ蛹ｺ,闡幃｣ｾ蛹ｺ骼悟��,�ｶ�ゑｽｼ�ｶ�ｸ�ｶ�擾ｽｸ��,譚ｱ莠ｬ驛ｽ闡幃｣ｾ蛹ｺ骼悟��2-21-4,35.744444,139.877222,蠕ｮ蟆冗ｲ貞ｭ千憾迚ｩ雉ｪ,2020-04-11,20,7,4,1,0,谺�貂ｬ,2,谺�貂ｬ,谺�貂ｬ,谺�貂ｬ,5,7,3,2,2,9,11,10,7,10,7,1,3,4,11,3,1,谺�貂ｬ,谺�貂ｬ,谺�貂ｬ,9,16,谺�貂ｬ,18,5,7,0,13,8,10,谺�貂ｬ,谺�貂ｬ,0,0,8,6,16,3,4,0,10,8,7,13,11,9,谺�貂ｬ,7,11,13,8
131229,13122010,119,譚ｱ莠ｬ驛ｽ,闡幃｣ｾ蛹ｺ,闡幃｣ｾ蛹ｺ骼悟��,�ｶ�ゑｽｼ�ｶ�ｸ�ｶ�擾ｽｸ��,譚ｱ莠ｬ驛ｽ闡幃｣ｾ蛹ｺ骼悟��2-21-4,35.744444,139.877222,蠕ｮ蟆冗ｲ貞ｭ千憾迚ｩ雉ｪ,2020-04-11,21,9,5,2,2,5,11,10,9,12,12,16,18,18,17,18,20,19,14,9,11,11,9,2,2,8,12,11,12,16,12,8,6,14,16,9,7,12,12,8,7,11,13,5,5,5,7,0,8,7,10,3,9,15,15,14,11,10,谺�貂ｬ,1,1
131229,13122010,119,譚ｱ莠ｬ驛ｽ,闡幃｣ｾ蛹ｺ,闡幃｣ｾ蛹ｺ骼悟��,�ｶ�ゑｽｼ�ｶ�ｸ�ｶ�擾ｽｸ��,譚ｱ莠ｬ驛ｽ闡幃｣ｾ蛹ｺ骼悟��2-21-4,35.744444,139.877222,蠕ｮ蟆冗ｲ貞ｭ千憾迚ｩ雉ｪ,2020-04-11,22,11,6,7,7,9,9,9,16,17,17,13,13,17,15,11,8,11,14,13,12,8,7,2,2,8,11,7,4,0,4,2,9,11,15,8,4,3,4,6,3,6,2,0,谺�貂ｬ,3,8,10,11,12,13,10,4,9,9,16,8,7,0,1,3
131229,13122010,119,譚ｱ莠ｬ驛ｽ,闡幃｣ｾ蛹ｺ,闡幃｣ｾ蛹ｺ骼悟��,�ｶ�ゑｽｼ�ｶ�ｸ�ｶ�擾ｽｸ��,譚ｱ莠ｬ驛ｽ闡幃｣ｾ蛹ｺ骼悟��2-21-4,35.744444,139.877222,蠕ｮ蟆冗ｲ貞ｭ千憾迚ｩ雉ｪ,2020-04-11,23,8,12,9,8,3,10,16,22,19,10,7,7,6,8,8,8,0,3,7,15,13,12,10,9,7,4,4,2,4,1,4,4,8,8,13,13,14,11,10,11,10,11,9,5,0,谺�貂ｬ,3,6,5,7,2,1,谺�貂ｬ,9,10,13,6,5,8,11
131229,13122010,119,譚ｱ莠ｬ驛ｽ,闡幃｣ｾ蛹ｺ,闡幃｣ｾ蛹ｺ骼悟��,�ｶ�ゑｽｼ�ｶ�ｸ�ｶ�擾ｽｸ��,譚ｱ莠ｬ驛ｽ闡幃｣ｾ蛹ｺ骼悟��2-21-4,35.744444,139.877222,蠕ｮ蟆冗ｲ貞ｭ千憾迚ｩ雉ｪ,2020-04-11,24,15,,,,,,,,,,,,,,,,,,,,,,,,,,,,,,,,,,,,,,,,,,,,,,,,,,,,,,,,,,,
131237,13123010,120,譚ｱ莠ｬ驛ｽ,豎滓虻蟾晏玄,豎滓虻蟾晏玄鮖ｿ鬪ｨ,�ｴ��ｾ橸ｽｶ�橸ｾ懶ｽｸ�ｼ�ｼ�趣ｾ橸ｾ�,譚ｱ莠ｬ驛ｽ豎滓虻蟾晏玄鮖ｿ鬪ｨ1-15-1,35.708888,139.885,蠕ｮ蟆冗ｲ貞ｭ千憾迚ｩ雉ｪ,2020-04-11,00,,谺�貂ｬ,谺�貂ｬ,谺�貂ｬ,谺�貂ｬ,谺�貂ｬ,谺�貂ｬ,谺�貂ｬ,谺�貂ｬ,谺�貂ｬ,谺�貂ｬ,谺�貂ｬ,谺�貂ｬ,9,11,15,8,10,谺�貂ｬ,6,7,11,3,谺�貂ｬ,2,7,15,2,5,谺�貂ｬ,8,8,14,16,7,4,谺�貂ｬ,2,0,11,2,4,0,3,4,2,3,6,10,8,3,谺�貂ｬ,2,2,6,5,13,12,14,7
131237,13123010,120,譚ｱ莠ｬ驛ｽ,豎滓虻蟾晏玄,豎滓虻蟾晏玄鮖ｿ鬪ｨ,�ｴ��ｾ橸ｽｶ�橸ｾ懶ｽｸ�ｼ�ｼ�趣ｾ橸ｾ�,譚ｱ莠ｬ驛ｽ豎滓虻蟾晏玄鮖ｿ鬪ｨ1-15-1,35.708888,139.885,蠕ｮ蟆冗ｲ貞ｭ千憾迚ｩ雉ｪ,2020-04-11,01,13,16,17,13,10,7,2,0,谺�貂ｬ,3,5,3,4,5,6,8,10,11,7,7,10,12,6,5,4,8,5,10,7,2,谺�貂ｬ,谺�貂ｬ,8,10,9,11,11,9,5,5,10,12,8,谺�貂ｬ,谺�貂ｬ,谺�貂ｬ,谺�貂ｬ,谺�貂ｬ,谺�貂ｬ,4,1,1,谺�貂ｬ,9,9,20,16,19,10,11
131237,13123010,120,譚ｱ莠ｬ驛ｽ,豎滓虻蟾晏玄,豎滓虻蟾晏玄鮖ｿ鬪ｨ,�ｴ��ｾ橸ｽｶ�橸ｾ懶ｽｸ�ｼ�ｼ�趣ｾ橸ｾ�,譚ｱ莠ｬ驛ｽ豎滓虻蟾晏玄鮖ｿ鬪ｨ1-15-1,35.708888,139.885,蠕ｮ蟆冗ｲ貞ｭ千憾迚ｩ雉ｪ,2020-04-11,02,9,5,9,4,6,谺�貂ｬ,5,5,12,6,7,0,谺�貂ｬ,0,8,5,谺�貂ｬ,谺�貂ｬ,1,6,4,8,8,4,谺�貂ｬ,谺�貂ｬ,1,12,10,7,3,4,9,8,10,9,12,7,5,谺�貂ｬ,1,5,7,7,2,5,2,5,7,18,16,10,7,11,19,13,11,5,2,3
131237,13123010,120,譚ｱ莠ｬ驛ｽ,豎滓虻蟾晏玄,豎滓虻蟾晏玄鮖ｿ鬪ｨ,�ｴ��ｾ橸ｽｶ�橸ｾ懶ｽｸ�ｼ�ｼ�趣ｾ橸ｾ�,譚ｱ莠ｬ驛ｽ豎滓虻蟾晏玄鮖ｿ鬪ｨ1-15-1,35.708888,139.885,蠕ｮ蟆冗ｲ貞ｭ千憾迚ｩ雉ｪ,2020-04-11,03,11,17,15,15,13,17,14,12,13,9,6,6,5,1,4,6,11,13,11,12,5,6,7,15,15,8,谺�貂ｬ,谺�貂ｬ,2,5,5,4,3,1,谺�貂ｬ,谺�貂ｬ,6,17,10,6,7,7,9,11,16,11,3,谺�貂ｬ,谺�貂ｬ,1,16,14,11,谺�貂ｬ,0,8,17,17,16,11
131237,13123010,120,譚ｱ莠ｬ驛ｽ,豎滓虻蟾晏玄,豎滓虻蟾晏玄鮖ｿ鬪ｨ,�ｴ��ｾ橸ｽｶ�橸ｾ懶ｽｸ�ｼ�ｼ�趣ｾ橸ｾ�,譚ｱ莠ｬ驛ｽ豎滓虻蟾晏玄鮖ｿ鬪ｨ1-15-1,35.708888,139.885,蠕ｮ蟆冗ｲ貞ｭ千憾迚ｩ雉ｪ,2020-04-11,04,谺�貂ｬ,谺�貂ｬ,谺�貂ｬ,5,2,谺�貂ｬ,谺�貂ｬ,谺�貂ｬ,谺�貂ｬ,谺�貂ｬ,谺�貂ｬ,0,5,5,4,4,9,7,3,0,1,2,谺�貂ｬ,2,0,3,谺�貂ｬ,5,8,10,9,3,4,5,12,16,14,9,2,3,谺�貂ｬ,9,9,7,谺�貂ｬ,谺�貂ｬ,谺�貂ｬ,1,6,6,7,1,0,谺�貂ｬ,3,6,10,6,7,3
131237,13123010,120,譚ｱ莠ｬ驛ｽ,豎滓虻蟾晏玄,豎滓虻蟾晏玄鮖ｿ鬪ｨ,�ｴ��ｾ橸ｽｶ�橸ｾ懶ｽｸ�ｼ�ｼ�趣ｾ橸ｾ�,譚ｱ莠ｬ驛ｽ豎滓虻蟾晏玄鮖ｿ鬪ｨ1-15-1,35.708888,139.885,蠕ｮ蟆冗ｲ貞ｭ千憾迚ｩ雉ｪ,2020-04-11,05,12,15,16,15,15,15,10,10,9,15,14,9,5,5,10,5,5,3,11,8,8,8,10,10,6,8,8,12,13,11,6,4,5,4,4,7,9,4,谺�貂ｬ,谺�貂ｬ,2,6,8,10,6,谺�貂ｬ,谺�貂ｬ,谺�貂ｬ,谺�貂ｬ,谺�貂ｬ,1,11,14,8,5,7,12,10,12,8
131237,13123010,120,譚ｱ莠ｬ驛ｽ,豎滓虻蟾晏玄,豎滓虻蟾晏玄鮖ｿ鬪ｨ,�ｴ��ｾ橸ｽｶ�橸ｾ懶ｽｸ�ｼ�ｼ�趣ｾ橸ｾ�,譚ｱ莠ｬ驛ｽ豎滓虻蟾晏玄鮖ｿ鬪ｨ1-15-1,35.708888,139.885,蠕ｮ蟆冗ｲ貞ｭ千憾迚ｩ雉ｪ,2020-04-11,06,5,谺�貂ｬ,谺�貂ｬ,谺�貂ｬ,谺�貂ｬ,4,6,13,7,9,4,6,8,11,12,10,7,1,5,4,7,0,3,4,5,谺�貂ｬ,谺�貂ｬ,谺�貂ｬ,谺�貂ｬ,1,2,6,谺�貂ｬ,谺�貂ｬ,2,12,13,7,6,3,10,8,11,2,谺�貂ｬ,谺�貂ｬ,谺�貂ｬ,谺�貂ｬ,2,5,3,谺�貂ｬ,0,5,10,7,10,6,1,谺�貂ｬ
131237,13123010,120,譚ｱ莠ｬ驛ｽ,豎滓虻蟾晏玄,豎滓虻蟾晏玄鮖ｿ鬪ｨ,�ｴ��ｾ橸ｽｶ�橸ｾ懶ｽｸ�ｼ�ｼ�趣ｾ橸ｾ�,譚ｱ莠ｬ驛ｽ豎滓虻蟾晏玄鮖ｿ鬪ｨ1-15-1,35.708888,139.885,蠕ｮ蟆冗ｲ貞ｭ千憾迚ｩ雉ｪ,2020-04-11,07,谺�貂ｬ,谺�貂ｬ,谺�貂ｬ,谺�貂ｬ,谺�貂ｬ,谺�貂ｬ,谺�貂ｬ,谺�貂ｬ,谺�貂ｬ,谺�貂ｬ,谺�貂ｬ,谺�貂ｬ,谺�貂ｬ,1,2,1,3,2,5,3,5,谺�貂ｬ,谺�貂ｬ,谺�貂ｬ,谺�貂ｬ,谺�貂ｬ,谺�貂ｬ,谺�貂ｬ,谺�貂ｬ,谺�貂ｬ,谺�貂ｬ,8,9,8,谺�貂ｬ,0,8,15,17,10,4,3,11,13,16,10,7,谺�貂ｬ,谺�貂ｬ,谺�貂ｬ,5,5,0,2,5,12,11,20,16,14
131237,13123010,120,譚ｱ莠ｬ驛ｽ,豎滓虻蟾晏玄,豎滓虻蟾晏玄鮖ｿ鬪ｨ,�ｴ��ｾ橸ｽｶ�橸ｾ懶ｽｸ�ｼ�ｼ�趣ｾ橸ｾ�,譚ｱ莠ｬ驛ｽ豎滓虻蟾晏玄鮖ｿ鬪ｨ1-15-1,35.708888,139.885,蠕ｮ蟆冗ｲ貞ｭ千憾迚ｩ雉ｪ,2020-04-11,08,4,3,1,谺�貂ｬ,谺�貂ｬ,谺�貂ｬ,谺�貂ｬ,谺�貂ｬ,谺�貂ｬ,谺�貂ｬ,谺�貂ｬ,谺�貂ｬ,谺�貂ｬ,谺�貂ｬ,4,3,3,谺�貂ｬ,3,14,13,14,11,12,5,2,谺�貂ｬ,5,10,8,17,9,6,3,6,20,17,10,谺�貂ｬ,谺�貂ｬ,谺�貂ｬ,谺�貂ｬ,谺�貂ｬ,谺�貂ｬ,2,谺�貂ｬ,谺�貂ｬ,1,12,18,18,19,14,7,7,6,10,11,14,15
131237,13123010,120,譚ｱ莠ｬ驛ｽ,豎滓虻蟾晏玄,豎滓虻蟾晏玄鮖ｿ鬪ｨ,�ｴ��ｾ橸ｽｶ�橸ｾ懶ｽｸ�ｼ�ｼ�趣ｾ橸ｾ�,譚ｱ莠ｬ驛ｽ豎滓虻蟾晏玄鮖ｿ鬪ｨ1-15-1,35.708888,139.885,蠕ｮ蟆冗ｲ貞ｭ千憾迚ｩ雉ｪ,2020-04-11,09,8,6,5,10,12,18,11,10,0,7,7,9,5,10,7,7,8,6,10,2,7,1,10,7,10,谺�貂ｬ,谺�貂ｬ,谺�貂ｬ,谺�貂ｬ,1,谺�貂ｬ,5,谺�貂ｬ,谺�貂ｬ,谺�貂ｬ,2,13,13,12,4,3,0,4,13,12,11,3,0,谺�貂ｬ,谺�貂ｬ,5,4,谺�貂ｬ,谺�貂ｬ,2,4,7,1,8,12
131237,13123010,120,譚ｱ莠ｬ驛ｽ,豎滓虻蟾晏玄,豎滓虻蟾晏玄鮖ｿ鬪ｨ,�ｴ��ｾ橸ｽｶ�橸ｾ懶ｽｸ�ｼ�ｼ�趣ｾ橸ｾ�,譚ｱ莠ｬ驛ｽ豎滓虻蟾晏玄鮖ｿ鬪ｨ1-15-1,35.708888,139.885,蠕ｮ蟆冗ｲ貞ｭ千憾迚ｩ雉ｪ,2020-04-11,10,11,12,15,16,4,0,2,9,8,谺�貂ｬ,谺�貂ｬ,谺�貂ｬ,谺�貂ｬ,谺�貂ｬ,谺�貂ｬ,5,6,6,3,12,7,10,2,1,0,谺�貂ｬ,7,18,谺�貂ｬ,24,20,19,25,30,25,21,11,3,谺�貂ｬ,谺�貂ｬ,7,7,3,1,3,8,9,9,5,5,2,1,5,2,2,谺�貂ｬ,谺�貂ｬ,1,5,2
131237,13123010,120,譚ｱ莠ｬ驛ｽ,豎滓虻蟾晏玄,豎滓虻蟾晏玄鮖ｿ鬪ｨ,�ｴ��ｾ橸ｽｶ�橸ｾ懶ｽｸ�ｼ�ｼ�趣ｾ橸ｾ�,譚ｱ莠ｬ驛ｽ豎滓虻蟾晏玄鮖ｿ鬪ｨ1-15-1,35.708888,139.885,蠕ｮ蟆冗ｲ貞ｭ千憾迚ｩ雉ｪ,2020-04-11,11,谺�貂ｬ,谺�貂ｬ,谺�貂ｬ,谺�貂ｬ,谺�貂ｬ,谺�貂ｬ,谺�貂ｬ,谺�貂ｬ,谺�貂ｬ,谺�貂ｬ,2,0,0,谺�貂ｬ,谺�貂ｬ,1,3,6,1,3,谺�貂ｬ,1,3,3,5,5,6,5,10,7,10,2,8,13,15,13,9,11,谺�貂ｬ,谺�貂ｬ,谺�貂ｬ,8,2,谺�貂ｬ,谺�貂ｬ,谺�貂ｬ,0,谺�貂ｬ,1,4,5,2,谺�貂ｬ,5,5,10,8,9,8,3
131237,13123010,120,譚ｱ莠ｬ驛ｽ,豎滓虻蟾晏玄,豎滓虻蟾晏玄鮖ｿ鬪ｨ,�ｴ��ｾ橸ｽｶ�橸ｾ懶ｽｸ�ｼ�ｼ�趣ｾ橸ｾ�,譚ｱ莠ｬ驛ｽ豎滓虻蟾晏玄鮖ｿ鬪ｨ1-15-1,35.708888,139.885,蠕ｮ蟆冗ｲ貞ｭ千憾迚ｩ雉ｪ,2020-04-11,12,0,谺�貂ｬ,1,谺�貂ｬ,谺�貂ｬ,0,7,3,6,12,16,19,20,20,12,11,9,18,15,14,10,8,6,6,15,13,8,谺�貂ｬ,谺�貂ｬ,1,4,2,4,1,谺�貂ｬ,谺�貂ｬ,谺�貂ｬ,1,7,谺�貂ｬ,谺�貂ｬ,2,1,6,7,14,9,4,1,3,6,4,5,6,9,8,6,13,11,17
131237,13123010,120,譚ｱ莠ｬ驛ｽ,豎滓虻蟾晏玄,豎滓虻蟾晏玄鮖ｿ鬪ｨ,�ｴ��ｾ橸ｽｶ�橸ｾ懶ｽｸ�ｼ�ｼ�趣ｾ橸ｾ�,譚ｱ莠ｬ驛ｽ豎滓虻蟾晏玄鮖ｿ鬪ｨ1-15-1,35.708888,139.885,蠕ｮ蟆冗ｲ貞ｭ千憾迚ｩ雉ｪ,2020-04-11,13,6,5,5,3,3,7,15,9,6,4,5,1,0,7,16,14,5,3,4,11,15,18,14,5,谺�貂ｬ,谺�貂ｬ,6,10,16,3,7,6,17,15,16,16,17,12,6,8,8,7,0,5,8,9,7,11,19,21,18,21,22,14,9,4,6,2,0,3
131237,13123010,120,譚ｱ莠ｬ驛ｽ,豎滓虻蟾晏玄,豎滓虻蟾晏玄鮖ｿ鬪ｨ,�ｴ��ｾ橸ｽｶ�橸ｾ懶ｽｸ�ｼ�ｼ�趣ｾ橸ｾ�,譚ｱ莠ｬ驛ｽ豎滓虻蟾晏玄鮖ｿ鬪ｨ1-15-1,35.708888,139.885,蠕ｮ蟆冗ｲ貞ｭ千憾迚ｩ雉ｪ,2020-04-11,14,2,3,2,8,10,10,5,7,5,谺�貂ｬ,谺�貂ｬ,谺�貂ｬ,2,3,3,2,谺�貂ｬ,谺�貂ｬ,0,8,12,8,11,8,8,9,16,23,20,15,7,9,7,19,17,15,0,3,3,12,13,19,15,谺�貂ｬ,谺�貂ｬ,谺�貂ｬ,6,1,3,谺�貂ｬ,2,谺�貂ｬ,2,10,19,19,17,20,17,17
131237,13123010,120,譚ｱ莠ｬ驛ｽ,豎滓虻蟾晏玄,豎滓虻蟾晏玄鮖ｿ鬪ｨ,�ｴ��ｾ橸ｽｶ�橸ｾ懶ｽｸ�ｼ�ｼ�趣ｾ橸ｾ�,譚ｱ莠ｬ驛ｽ豎滓虻蟾晏玄鮖ｿ鬪ｨ1-15-1,35.708888,139.885,蠕ｮ蟆冗ｲ貞ｭ千憾迚ｩ雉ｪ,2020-04-11,15,7,8,4,3,3,2,9,3,6,0,10,10,8,4,谺�貂ｬ,1,谺�貂ｬ,3,0,3,4,9,12,20,18,17,5,6,8,11,8,5,8,5,10,6,11,7,5,9,13,12,5,2,6,11,15,16,21,15,7,1,7,10,7,8,15,18,8,8
131237,13123010,120,譚ｱ莠ｬ驛ｽ,豎滓虻蟾晏玄,豎滓虻蟾晏玄鮖ｿ鬪ｨ,�ｴ��ｾ橸ｽｶ�橸ｾ懶ｽｸ�ｼ�ｼ�趣ｾ橸ｾ�,譚ｱ莠ｬ驛ｽ豎滓虻蟾晏玄鮖ｿ鬪ｨ1-15-1,35.708888,139.885,蠕ｮ蟆冗ｲ貞ｭ千憾迚ｩ雉ｪ,2020-04-11,16,9,16,13,13,13,12,6,1,2,8,10,12,1,3,6,13,9,14,12,9,4,7,14,13,12,7,8,谺�貂ｬ,5,4,11,7,7,10,3,5,4,16,17,21,15,10,9,11,22,17,16,6,3,谺�貂ｬ,1,9,20,19,14,13,14,19,19,26
131237,13123010,120,譚ｱ莠ｬ驛ｽ,豎滓虻蟾晏玄,豎滓虻蟾晏玄鮖ｿ鬪ｨ,�ｴ��ｾ橸ｽｶ�橸ｾ懶ｽｸ�ｼ�ｼ�趣ｾ橸ｾ�,譚ｱ莠ｬ驛ｽ豎滓虻蟾晏玄鮖ｿ鬪ｨ1-15-1,35.708888,139.885,蠕ｮ蟆冗ｲ貞ｭ千憾迚ｩ雉ｪ,2020-04-11,17,23,21,14,10,12,19,谺�貂ｬ,谺�貂ｬ,33,23,26,22,26,21,18,9,8,7,9,15,17,19,11,16,18,20,8,4,4,11,14,7,4,1,8,9,4,7,6,1,谺�貂ｬ,2,10,12,4,4,12,16,18,19,19,18,12,12,14,14,12,8,4,谺�貂ｬ
131237,13123010,120,譚ｱ莠ｬ驛ｽ,豎滓虻蟾晏玄,豎滓虻蟾晏玄鮖ｿ鬪ｨ,�ｴ��ｾ橸ｽｶ�橸ｾ懶ｽｸ�ｼ�ｼ�趣ｾ橸ｾ�,譚ｱ莠ｬ驛ｽ豎滓虻蟾晏玄鮖ｿ鬪ｨ1-15-1,35.708888,139.885,蠕ｮ蟆冗ｲ貞ｭ千憾迚ｩ雉ｪ,2020-04-11,18,谺�貂ｬ,谺�貂ｬ,1,0,3,5,7,6,4,8,6,7,11,12,10,5,6,5,2,0,0,7,3,7,4,8,4,4,8,11,11,8,9,6,6,2,8,9,12,5,13,10,12,6,6,13,11,14,13,20,14,15,13,17,11,5,3,3,谺�貂ｬ,谺�貂ｬ
131237,13123010,120,譚ｱ莠ｬ驛ｽ,豎滓虻蟾晏玄,豎滓虻蟾晏玄鮖ｿ鬪ｨ,�ｴ��ｾ橸ｽｶ�橸ｾ懶ｽｸ�ｼ�ｼ�趣ｾ橸ｾ�,譚ｱ莠ｬ驛ｽ豎滓虻蟾晏玄鮖ｿ鬪ｨ1-15-1,35.708888,139.885,蠕ｮ蟆冗ｲ貞ｭ千憾迚ｩ雉ｪ,2020-04-11,19,谺�貂ｬ,�