èª¿æŸ»æœŸé–“,æ–½è¨­å¤–ï¼“ï¼‘ï¼•ä¸‹ï¼ˆï¼‘ï¼‰,æ–½è¨­å¤–ï¼“ï¼‘ï¼•ä¸‹ï¼ˆï¼’ï¼‰,æ–½è¨­å¤–ï¼“ï¼‘ï¼•ä¸‹ï¼ˆï¼“ï¼‰,æ–½è¨­å¤–ï¼“ï¼‘ï¼•ä¸‹ï¼ˆï¼”ï¼‰,æ–½è¨­å¤–ï¼“ï¼‘ï¼•ä¸‹ï¼ˆï¼•ï¼‰,æ–½è¨­å¤–ï¼“ï¼‘ï¼•ä¸‹ï¼ˆï¼–ï¼‰
ï¼‘ï¼æœˆï¼“ï¼‘æ—¥ï¼ˆæœˆï¼‰ï½ï¼‘ï¼‘æœˆï¼‘æ—¥ï¼ˆç«ï¼‰,0.0011,0.0011,0.0011,0.0011,0.0011,0.0004
ï¼‘ï¼‘æœˆï¼—æ—¥ï¼ˆæœˆï¼‰ï½ï¼‘ï¼‘æœˆï¼˜æ—¥ï¼ˆç«ï¼‰,0.0007,0.0007,0.0007,0.0007,0.0007,0.0007
ï¼‘ï¼‘æœˆï¼’ï¼—æ—¥ï¼ˆæœˆï¼‰ï½ï¼‘ï¼‘æœˆï¼’ï¼˜æ—¥ï¼ˆç«ï¼‰,0.0010,0.0010,0.0010,0.0010,0.0009,0.0010
ï¼‘ï¼’æœˆï¼•æ—¥ï¼ˆæœˆï¼‰ï½ï¼‘ï¼’æœˆï¼–æ—¥ï¼ˆç«ï¼‰,0.0014,0.0015,0.0014,0.0015,0.0013,0.0014
ï¼‘ï¼’æœˆï¼‘ï¼’æ—¥ï¼ˆæœˆï¼‰ï½ï¼‘ï¼’æœˆï¼‘ï¼“æ—¥ï¼ˆç«ï¼‰,0.0016,0.0017,0.0015,0.0017,0.0016,0.0027
ï¼‘ï¼’æœˆï¼’ï¼–æ—¥ï¼ˆæœˆï¼‰ï½ï¼‘ï¼’æœˆï¼’ï¼—æ—¥ï¼ˆç«ï¼‰,0.0016,0.0016,0.0016,0.0015,0.0015,0.0015
ï¼‘æœˆï¼•æ—¥ï¼ˆæœ¨ï¼‰ï½ï¼‘æœˆï¼–æ—¥ï¼ˆé‡‘ï¼‰,0.0007,0.0007,0.0007,0.0007,0.0007,0.0007
ï¼‘æœˆï¼‘ï¼’æ—¥ï¼ˆæœ¨ï¼‰ï½ï¼‘æœˆï¼‘ï¼“æ—¥ï¼ˆé‡‘ï¼‰,0.0010,0.0010,0.0010,0.0010,0.0010,0.0011
ï¼‘æœˆï¼‘ï¼™æ—¥ï¼ˆæœ¨ï¼‰ï½ï¼‘æœˆï¼’ï¼æ—¥ï¼ˆé‡‘ï¼‰,0.0012,0.0012,0.0012,0.0012,0.0013,0.0013
ï¼‘æœˆï¼’ï¼–æ—¥ï¼ˆæœ¨ï¼‰ï½ï¼‘æœˆï¼’ï¼—æ—¥ï¼ˆé‡‘ï¼‰,0.0012,0.0013,0.0013,0.0013,0.0013,0.0012
ï¼’æœˆï¼’æ—¥ï¼ˆæœ¨ï¼‰ï½ï¼’æœˆï¼“æ—¥ï¼ˆé‡‘ï¼‰,0.0006,0.0005,0.0006,0.0006,0.0006,0.0005
ï¼’æœˆï¼™æ—¥ï¼ˆæœ¨ï¼‰ï½ï¼’æœˆï¼‘ï¼æ—¥ï¼ˆé‡‘ï¼‰,0.0008,0.0008,0.0008,0.0008,0.0008,0.0008
ï¼’æœˆï¼‘ï¼–æ—¥ï¼ˆæœ¨ï¼‰ï½ï¼’æœˆï¼‘ï¼—æ—¥ï¼ˆé‡‘ï¼‰,0.0012,0.0012,0.0012,0.0012,0.0013,0.0013
ï¼’æœˆï¼’ï¼“æ—¥ï¼ˆæœ¨ï¼‰ï½ï¼’æœˆï¼’ï¼”æ—¥ï¼ˆé‡‘ï¼‰,0.0008,0.0009,0.0009,0.0009,0.0009,0.0009
ï¼“æœˆï¼’æ—¥ï¼ˆæœ¨ï¼‰ï½ï¼“æœˆï¼“æ—¥ï¼ˆé‡‘ï¼‰,0.0010,0.0011,0.0010,0.0010,0.0010,0.0011
ï¼“æœˆï¼™æ—¥ï¼ˆæœ¨ï¼‰ï½ï¼“æœˆï¼‘ï¼æ—¥ï¼ˆé‡‘ï¼‰,0.0010,0.0011,0.0011,0.0011,0.0011,0.0012
ï¼“æœˆï¼‘ï¼–æ—¥ï¼ˆæœ¨ï¼‰ï½ï¼“æœˆï¼‘ï¼—æ—¥ï¼ˆé‡‘ï¼‰,0.0006,0.0006,0.0006,0.0007,0.0006,0.0006
ï¼“æœˆï¼’ï¼“æ—¥ï¼ˆæœ¨ï¼‰ï½ï¼“æœˆï¼’ï¼”æ—¥ï¼ˆé‡‘ï¼‰,0.0007,0.0007,0.0007,0.0008,0.0007,0.0008
ï¼“æœˆï¼“ï¼æ—¥ï¼ˆæœ¨ï¼‰ï½ï¼“æœˆï¼“ï¼‘æ—¥ï¼ˆé‡‘ï¼‰,0.0010,0.0010,0.0010,0.0011,0.0011,0.0011
ï¼”æœˆï¼–æ—¥ï¼ˆæœ¨ï¼‰ï½ï¼”æœˆï¼—æ—¥ï¼ˆé‡‘ï¼‰,0.0007,0.0009,0.0009,0.0009,0.0009,0.0009
ï¼”æœˆï¼‘ï¼“æ—¥ï¼ˆæœ¨ï¼‰ï½ï¼”æœˆï¼‘ï¼”æ—¥ï¼ˆé‡‘ï¼‰,0.0008,0.0008,0.0007,0.0008,0.0008,0.0008
ï¼’æœˆï¼‘66 0 obj<</K 1422 0 R/P 1624 0 R/Pg 1602 0 R/S/TD>>endobj1767 0 obj<</K 1423 0 R/P 1624 0 R/Pg 1602 0 R/S/TD>>endobj1768 0 obj<</K 1424 0 R/P 1624 0 R/Pg 1602 0 R/S/TD>>endobj1769 0 obj<</K 1425 0 R/P 1624 0 R/Pg 1602 0 R/S/TD>>endobj1770 0 obj<</K 1426 0 R/P 1624 0 R/Pg 1602 0 R/S/TD>>endobj1771 0 obj<</K 1427 0 R/P 1624 0 R/Pg 1602 0 R/S/TD>>endobj1772 0 obj<</K 1428 0 R/P 1624 0 R/Pg 1602 0 R/S/TD>>endobj1773 0 obj<</K 1429 0 R/P 1624 0 R/Pg 1602 0 R/S/TD>>endobj1774 0 obj<</K 1430 0 R/P 1624 0 R/Pg 1602 0 R/S/TD>>endobj1775 0 obj<</K 1431 0 R/P 1624 0 R/Pg 1602 0 R/S/TD>>endobj1776 0 obj<</K 1432 0 R/P 1624 0 R/Pg 1602 0 R/S/TD>>endobj1777 0 obj<</K 1433 0 R/P 1624 0 R/Pg 1602 0 R/S/TD>>endobj1778 0 obj<</K 1434 0 R/P 1624 0 R/Pg 1602 0 R/S/TD>>endobj1779 0 obj<</K 1435 0 R/P 1624 0 R/Pg 1602 0 R/S/TD>>endobj1780 0 obj<</K 1436 0 R/P 1624 0 R/Pg 1602 0 R/S/TD>>endobj1781 0 obj<</K 1437 0 R/P 1624 0 R/Pg 1602 0 R/S/TD>>endobj1782 0 obj<</K 1438 0 R/P 1624 0 R/Pg 1602 0 R/S/TD>>endobj1783 0 obj<</K 1439 0 R/P 1624 0 R/Pg 1602 0 R/S/TD>>endobj1784 0 obj<</K 1570 0 R/P 1624 0 R/Pg 1602 0 R/S/TD>>endobj1785 0 obj<</K 1584 0 R/P 1624 0 R/Pg 1602 0 R/S/TD>>endobj1786 0 obj<</K 1394 0 R/P 1623 0 R/Pg 1602 0 R/S/TD>>endobj1787 0 obj<</K 1395 0 R/P 1623 0 R/Pg 1602 0 R/S/TD>>endobj1788 0 obj<</K 1396 0 R/P 1623 0 R/Pg 1602 0 R/S/TD>>endobj1789 0 obj<</K 1397 0 R/P 1623 0 R/Pg 1602 0 R/S/TD>>endobj1790 0 obj<</K 1398 0 R/P 1623 0 R/Pg 1602 0 R/S/TD>>endobj1791 0 obj<</K 1399 0 R/P 1623 0 R/Pg 1602 0 R/S/TD>>endobj1792 0 obj<</K 1400 0 R/P 1623 0 R/Pg 1602 0 R/S/TD>>endobj1793 0 obj<</K 1401 0 R/P 1623 0 R/Pg 1602 0 R/S/TD>>endobj1794 0 obj<</K 1402 0 R/P 1623 0 R/Pg 1602 0 R/S/TD>>endobj1795 0 obj<</K 1403 0 R/P 1623 0 R/Pg 1602 0 R/S/TD>>endobj1796 0 obj<</K 1404 0 R/P 1623 0 R/Pg 1602 0 R/S/TD>>endobj1797 0 obj<</K 1405 0 R/P 1623 0 R/Pg 1602 0 R/S/TD>>endobj1798 0 obj<</K 1406 0 R/P 1623 0 R/Pg 1602 0 R/S/TD>>endobj1799 0 obj<</K 1407 0 R/P 1623 0 R/Pg 1602 0 R/S/TD>>endobj1800 0 obj<</K 1408 0 R/P 1623 0 R/Pg 1602 0 R/S/TD>>endobj1801 0 obj<</K 1409 0 R/P 1623 0 R/Pg 1602 0 R/S/TD>>endobj1802 0 obj<</K 1410 0 R/P 1623 0 R/Pg 1602 0 R/S/TD>>endobj1803 0 obj<</K 1411 0 R/P 1623 0 R/Pg 1602 0 R/S/TD>>endobj1804 0 obj<</K 1412 0 R/P 1623 0 R/Pg 1602 0 R/S/TD>>endobj1805 0 obj<</K 1413 0 R/P 1623 0 R/Pg 1602 0 R/S/TD>>endobj1806 0 obj<</K 1414 0 R/P 1623 0 R/Pg 1602 0 R/S/TD>>endobj1807 0 obj<</K 1415 0 R/P 1623 0 R/Pg 1602 0 R/S/TD>>endobj1808 0 obj<</K 1416 0 R/P 1623 0 R/Pg 1602 0 R/S/TD>>endobj1809 0 obj<</K 1567 0 R/P 1623 0 R/Pg 1602 0 R/S/TD>>endobj1810 0 obj<</K 1583 0 R/P 1623 0 R/Pg 1602 0 R/S/TD>>endobj1811 0 obj<</K 1371 0 R/P 1622 0 R/Pg 1602 0 R/S/TD>>endobj1812 0 obj<</K 1372 0 R/P 1622 0 R/Pg 1602 0 R/S/TD>>endobj1813 0 obj<</K 1373 0 R/P 1622 0 R/Pg 1602 0 R/S/TD>>endobj1814 0 obj<</K 1374 0 R/P 1622 0 R/Pg 1602 0 R/S/TD>>endobj1815 0 obj<</K 1375 0 R/P 1622 0 R/Pg 1602 0 R/S/TD>>endobj1816 0 obj<</K 1376 0 R/P 1622 0 R/Pg 1602 0 R/S/TD>>endobj1817 0 obj<</K 1377 0 R/P 1622 0 R/Pg 1602 0 R/S/TD>>endobj1818 0 obj<</K 1378 0 R/P 1622 0 R/Pg 1602 0 R/S/TD>>endobj1819 0 obj<</K 1379 0 R/P 1622 0 R/Pg 1602 0 R/S/TD>>endobj1820 0 obj<</K 1380 0 R/P 1622 0 R/Pg 1602 0 R/S/TD>>endobj1821 0 obj<</K 1381 0 R/P 1622 0 R/Pg 1602 0 R/S/TD>>endobj1822 0 obj<</K 1382 0 R/P 1622 0 R/Pg 1602 0 R/S/TD>>endobj1823 0 obj<</K 1383 0 R/P 1622 0 R/Pg 1602 0 R/S/TD>>endobj1824 0 obj<</K 1384 0 R/P 1622 0 R/Pg 1602 0 R/S/TD>>endobj1825 0 obj<</K 1385 0 R/P 1622 0 R/Pg 1602 0 R/S/TD>>endobj1826 0 obj<</K 1386 0 R/P 1622 0 R/Pg 1602 0 R/S/TD>>endobj1827 0 obj<</K 1387 0 R/P 1622 0 R/Pg 1602 0 R/S/TD>>endobj1828 0 obj<</K 1388 0 R/P 1622 0 R/Pg 1602 0 R/S/TD>>endobj1829 0 obj<</K 1389 0 R/P 1622 0 R/Pg 1602 0 R/S/TD>>endobj1830 0 obj<</K 1390 0 R/P 1622 0 R/Pg 1602 0 R/S/TD>>endobj1831 0 obj<</K 1391 0 R/P 1622 0 R/Pg 1602 0 R/S/TD>>endobj1832 0 obj<</K 1392 0 R/P 1622 0 R/Pg 1602 0 R/S/TD>>endobj1833 0 obj<</K 1393 0 R/P 1622 0 R/Pg 1602 0 R/S/TD>>endobj1834 0 obj<</P 1622 0 R/Pg 1602 0 R/S/TD>>endobj1835 0 obj<</K 1586 0 R/P 1622 0 R/Pg 1602 0 R/S/TD>>endobj1836 0 obj<</K 1348 0 R/P 1621 0 R/Pg 1602 0 R/S/TD>>endobj1837 0 obj<</K 1349 0 R/P 1621 0 R/Pg 1602 0 R/S/TD>>endobj1838 0 obj<</K 1350 0 R/P 1621 0 R/Pg 1602 0 R/S/TD>>endobj1839 0 obj<</K 1351 0 R/P 1621 0 R/Pg 1602 0 R/S/TD>>endobj1840 0 obj<</K 1352 0 R/P 1621 0 R/Pg 1602 0 R/S/TD>>endobj1841 0 obj<</K 1353 0 R/P 1621 0 R/Pg 1602 0 R/S/TD>>endobj1842 0 obj<</K 1354 0 R/P 1621 0 R/Pg 1602 0 R/S/TD>>endobj1843 0 obj<</K 1355 0 R/P 1621 0 R/Pg 1602 0 R/S/TD>>endobj1844 0 obj<</K 1356 0 R/P 1621 0 R/Pg 1602 0 R/S/TD>>endobj1845 0 obj<</K 1357 0 R/P 1621 0 R/Pg 1602 0 R/S/TD>>endobj1846 0 obj<</K 1358 0 R/P 1621 0 R/Pg 1602 0 R/S/TD>>endobj1847 0 obj<</K 1359 0 R/P 1621 0 R/Pg 1602 0 R/S/TD>>endobj1848 0 obj<</K 1360 0 R/P 1621 0 R/Pg 1602 0 R/S/TD>>endobj1849 0 obj<</K 1361 0 R/P 1621 0 R/Pg 1602 0 R/S/TD>>endobj1850 0 obj<</K 1362 0 R/P 1621 0 R/Pg 1602 0 R/S/TD>>endobj1851 0 obj<</K 1363 0 R/P 1621 0 R/Pg 1602 0 R/S/TD>>endobj1852 0 obj<</K 1364 0 R/P 1621 0 R/Pg 1602 0 R/S/TD>>endobj1853 0 obj<</K 1365 0 R/P 1621 0 R/Pg 1602 0 R/S/TD>>endobj1854 0 obj<</K 1366 0 R/P 1621 0 R/Pg 1602 0 R/S/TD>>endobj1855 0 obj<</K 1367 0 R/P 1621 0 R/Pg 1602 0 R/S/TD>>endobj1856 0 obj<</K 1368 0 R/P 1621 0 R/Pg 1602 0 R/S/TD>>endobj1857 0 obj<</K 1369 0 R/P 1621 0 R/Pg 1602 0 R/S/TD>>endobj1858 0 obj<</K 1370 0 R/P 1621 0 R/Pg 1602 0 R/S/TD>>endobj1859 0 obj<</K 1572 0 R/P 1621 0 R/Pg 1602 0 R/S/TD>>endobj1860 0 obj<</K 1592 0 R/P 1621 0 R/Pg 1602 0 R/S/TD>>endobj1861 0 obj<</K 1571 0 R/P 1620 0 R/Pg 1602 0 R/S/TD>>endobj1862 0 obj<</K 1559 0 R/P 1619 0 R/Pg 1602 0 R/S/TD>>endobj1863 0 obj<</K 1560 0 R/P 1619 0 R/Pg 1602 0 R/S/TD>>endobj1864 0 obj<</K 1563 0 R/P 1619 0 R/Pg 1602 0 R/S/TD>>endobj1865 0 obj<</K 1564 0 R/P 1619 0 R/Pg 1602 0 R/S/TD>>endobj1866 0 obj<</K 1565 0 R/P 1619 0 R/Pg 1602 0 R/S/TD>>endobj1867 0 obj<</K 1566 0 R/P 1619 0 R/Pg 1602 0 R/S/TD>>endobj1868 0 obj<</K 1568 0 R/P 1619 0 R/Pg 1602 0 R/S/TD>>endobj1869 0 obj<</K 1569 0 R/P 1619 0 R/Pg 1602 0 R/S/TD>>endobj1870 0 obj<</K 1575 0 R/P 1619 0 R/Pg 1602 0 R/S/TD>>endobj1871 0 obj<</K 1576 0 R/P 1619 0 R/Pg 1602 0 R/S/TD>>endobj1872 0 obj<</K 1577 0 R/P 1619 0 R/Pg 1602 0 R/S/TD>>endobj1873 0 obj<</K 1578 0 R/P 1619 0 R/Pg 1602 0 R/S/TD>>endobj1874 0 obj<</K 1579 0 R/P 1619 0 R/Pg 1602 0 R/S/TD>>endobj1875 0 obj<</K 1580 0 R/P 1619 0 R/Pg 1602 0 R/S/TD>>endobj1876 0 obj<</K 1581 0 R/P 1619 0 R/Pg 1602 0 R/S/TD>>endobj1877 0 obj<</K 1588 0 R/P 1619 0 R/Pg 1602 0 R/S/TD>>endobj1878 0 obj<</K 1590 0 R/P 1619 0 R/Pg 1602 0 R/S/TD>>endobj1879 0 obj<</K 1591 0 R/P 1619 0 R/Pg 1602 0 R/S/TD>>endobj1880 0 obj<</K 1593 0 R/P 1619 0 R/Pg 1602 0 R/S/TD>>endobj1881 0 obj<</K 1594 0 R/P 1619 0 R/Pg 1602 0 R/S/TD>>endobj1882 0 obj<</K 1595 0 R/P 1619 0 R/Pg 1602 0 R/S/TD>>endobj1883 0 obj<</K 1596 0 R/P 1619 0 R/Pg 1602 0 R/S/TD>>endobj1884 0 obj<</K 1597 0 R/P 1619 0 R/Pg 1602 0 R/S/TD>>endobj1885 0 obj<</K 1598 0 R/P 1619 0 R/Pg 1602 0 R/S/TD>>endobj1886 0 obj<</K 1599 0 R/P 1619 0 R/Pg 1602 0 R/S/TD>>endobj1887 0 obj<</K 1325 0 R/P 1618 0 R/Pg 1602 0 R/S/TD>>endobj1888 0 obj<</K 1326 0 R/P 1618 0 R/Pg 1602 0 R/S/TD>>endobj1889 0 obj<</K 1327 0 R/P 1618 0 R/Pg 1602 0 R/S/TD>>endobj1890 0 obj<</K 1328 0 R/P 1618 0 R/Pg 1602 0 R/S/TD>>endobj1891 0 obj<</K 1329 0 R/P 1618 0 R/Pg 1602 0 R/S/TD>>endobj1892 0 obj<</K 1330 0 R/P 1618 0 R/Pg 1602 0 R/S/TD>>endobj1893 0 obj<</K 1331 0 R/P 1618 0 R/Pg 1602 0 R/S/TD>>endobj1894 0 obj<</K 1332 0 R/P 1618 0 R/Pg 1602 0 R/S/TD>>endobj1895 0 obj<</K 1333 0 R/P 1618 0 R/Pg 1602 0 R/S/TD>>endobj1896 0 obj<</K 1334 0 R/P 1618 0 R/Pg 1602 0 R/S/TD>>endobj1897 0 obj<</K 1335 0 R/P 1618 0 R/Pg 1602 0 R/S/TD>>endobj1898 0 obj<</K 1336 0 R/P 1618 0 R/Pg 1602 0 R/S/TD>>endobj1899 0 obj<</K 1337 0 R/P 1618 0 R/Pg 1602 0 R/S/TD>>endobj1900 0 obj<</K 1338 0 R/P 1618 0 R/Pg 1602 0 R/S/TD>>endobj1901 0 obj<</K 1339 0 R/P 1618 0 R/Pg 1602 0 R/S/TD>>endobj1902 0 obj<</K 1340 0 R/P 1618 0 R/Pg 1602 0 R/S/TD>>endobj1903 0 obj<</K 1341 0 R/P 1618 0 R/Pg 1602 0 R/S/TD>>endobj1904 0 obj<</K 1342 0 R/P 1618 0 R/Pg 1602 0 R/S/TD>>endobj1905 0 obj<</K 1343 0 R/P 1618 0 R/Pg 1602 0 R/S/TD>>endobj1906 0 obj<</K 1344 0 R/P 1618 0 R/Pg 1602 0 R/S/TD>>endobj1907 0 obj<</K 1345 0 R/P 1618 0 R/Pg 1602 0 R/S/TD>>endobj1908 0 obj<</K 1346 0 R/P 1618 0 R/Pg 1602 0 R/S/TD>>endobj1909 0 obj<</K 1347 0 R/P 1618 0 R/Pg 1602 0 R/S/TD>>endobj1910 0 obj<</K 1558 0 R/P 1618 0 R/Pg 1602 0 R/S/TD>>endobj1911 0 obj<</K 1561 0 R/P 1617 0 R/Pg 1602 0 R/S/TD>>endobj1912 0 obj<</K 1324 0 R/P 1616 0 R/Pg 1602 0 R/S/TD>>endobj1913 0 obj<</K 1574 0 R/P 1615 0 R/Pg 1602 0 R/S/TD>>endobj1914 0 obj<</Alt()/K 0/P 2088 0 R/Pg 2089 0 R/S/Figure>>endobj1915 0 obj<</ActualText( )/K 1/P 2123 0 R/Pg 2089 0 R/S/Span>>endobj1916 0 obj<</ActualText( )/K 2/P 2123 0 R/Pg 2089 0 R/S/Span>>endobj1917 0 obj<</ActualText(     )/K 3/P 2123 0 R/Pg 2089 0 R/S/Span>>endobj1918 0 obj<</ActualText(  )/K 4/P 2123 0 R/Pg 2089 0 R/S/Span>>endobj1919 0 obj<</ActualText( )/K 5/P 2123 0 R/Pg 2089 0 R/S/Span>>endobj1920 0 obj<</ActualText( )/K 6/P 2123 0 R/Pg 2089 0 R/S/Span>>endobj1921 0 obj<</ActualText(                      )/K 7/P 2123 0 R/Pg 2089 0 R/S/Span>>endobj1922 0 obj<</ActualText( )/K 8/P 2123 0 R/Pg 2089 0 R/S/Span>>endobj1923 0 obj<</ActualText(ï¿½ï¿½ï¿½R%}ï¿½	)/K 9/P 2123 0 R/Pg 2089 0 R/S/Span>>endobj1924 0 obj<</ActualText( )/K 10/P 2123 0 R/Pg 2089 0 R/S/Span>>endobj1925 0 obj<</ActualText(ï¿½ï¿½^sb)/K 11/P 2124 0 R/Pg 2089 0 R/S/Span>>endobj1926 0 obj<</ActualText(30)/K 12/P 2124 0 R/Pg 2089 0 R/S/Span>>endobj1927 0 obj<</ActualText(ï¿½ï¿½^t^ï½¦)/K 13/P 2124 0 R/Pg 2089 0 R/S/Span>>endobj1928 0 obj<</ActualText( )/K 14/P 2124 0 R/Pg 2089 0 R/S/Span>>endobj1929 0 obj<</ActualText(ï¿½ï¿½_ï½´Sï¾å æ–§0nlz{ç¾Šï½¶lï¾)/K 15/P 2124 0 R/Pg 2089 0 R/S/Span>>endobj1930 0 obj<</ActualText( )/K 16/P 2124 0 R/Pg 2089 0 R/S/Span>>endobj1931 0 obj<</ActualText( )/K 17/P 2125 0 R/Pg 2089 0 R/S/Span>>endobj1932 0 obj<</ActualText(ï¿½ï¿½_ï½´Sï¾å æ–§0g0o0)/K 18/P 2126 0 R/Pg 2089 0 R/S/Span>>endobj1933 0 obj<</ActualText(ï¿½ï¿½Yiï¾˜0j}\rzbKkï½µ)/K 19/P 2126 0 R/Pg 2089 0 R/S/Span>>endobj1934 0 obj<</ActualText(ï¿½ï¿½0k0ï¿½0ï¿½)/K 20/P 2126 0 R/Pg 2089 0 R/S/Span>>endobj1935 0 obj<</ActualText(ï¿½ï¿½eï½°ç¸nï¾}\r0nbç„¶6)/K 21/P 2126 0 R/Pg 2089 0 R/S/Span>>endobj1936 0 obj<</ActualText(ï¿½ï¿½0æ­ï¿½)/K 22/P 2126 0 R/Pg 2089 0 R/S/Span>>endobj1937 0 obj<</ActualText(ï¿½ï¿½0èµ· eï½¹)/K 23/P 2126 0 R/Pg 2089 0 R/S/Span>>endobj1938 0 obj<</ActualText(ï¿½ï¿½0)/K 24/P 2126 0 R/Pg 2089 0 R/S/Span>>endobj1939 0 obj<</ActualText(ï¿½ï¿½nï¾}\r0neé¦®å³¨lz0ï¿½)/K 25/P 2126 0 R/Pg 2089 0 R/S/Span>>endobj1940 0 obj<</ActualText(ï¿½ï¿½vï¨š0W0_)/K 26/P 2126 0 R/Pg 2089 0 R/S/Span>>endobj1941 0 obj<</ActualText(ï¿½ï¿½0M0Â±0)/K 27/P 2126 0 R/Pg 2089 0 R/S/Span>>endobj1942 0 obj<</ActualText(ï¿½ï¿½0K0j)/K 28/P 2126 0 R/Pg 2089 0 R/S/Span>>endobj1943 0 obj<</ActualText(ï¿½ï¿½nï¾}\rett)/K 29/P 2126 0 R/Pg 2089 0 R/S/Span>>endobj1944 0 obj<</ActualText(ï¿½ï¿½0è¨»20ï¿½0f0M0_0)/K 30/P 2126 0 R/Pg 2089 0 R/S/Span>>endobj1945 0 obj<</ActualText(ï¿½ï¿½0~0_)/K 31/P 2126 0 R/Pg 2089 0 R/S/Span>>endobj1946 0 obj<</ActualText(ï¿½ï¿½0)/K 32/P 2126 0 R/Pg 2089 0 R/S/Span>>endobj1947 0 obj<</ActualText(ï¿½ï¿½S:^u:gQ0h)/K 33/P 2126 0 R/Pg 2089 0 R/S/Span>>endobj1948 0 obj<</ActualText(ï¿½ï¿½ï¿½#d:)/K 34/P 2126 0 R/Pg 2089 0 R/S/Span>>endobj1949 0 obj<</ActualText(ï¿½ï¿½0W0PNï½ºï¿½ï¿½lz[ï¿½{V)/K 35/P 2126 0 R/Pg 2089 0 R/S/Span>>endobj1950 0 obj<</ActualText(ï¿½ï¿½0n)/K 36/P 2126 0 R/Pg 2089 0 R/S/Span>>endobj1951 0 obj<</ActualText(ï¿½ï¿½_7S0å›£ï½¨ï¿½20W0_)/K 37/P 2126 0 R/Pg 2089 0 R/S/Span>>endobj1952 0 obj<</ActualText(ï¿½ï¿½}Pgï¿½)/K 38/P 2126 0 R/Pg 2089 0 R/S/Span>>endobj1953 0 obj<</ActualText(ï¿½ï¿½0)/K 39/P 2126 0 R/Pg 2089 0 R/S/Span>>endobj1954 0 obj<</ActualText(ï¿½ï¿½^sb)/K 40/P 2126 0 R/Pg 2089 0 R/S/Span>>endobj1955 0 obj<</ActualText(30)/K 41/P 2126 0 R/Pg 2089 0 R/S/Span>>endobj1956 0 obj<</ActualText(ï¿½ï¿½^t^ï½¦)/K 42/P 2126 0 R/Pg 2089 0 R/S/Span>>endobj1957 0 obj<</ActualText(ï¿½ï¿½0n_ï½´Sï¾sï¿½)/K 43/P 2126 0 R/Pg 2089 0 R/S/Span>>endobj1958 0 obj<</ActualText(ï¿½ï¿½ï¿½ï¿½ï¿½zï¿½ï¿½	)/K 44/P 2126 0 R/Pg 2089 0 R/S/Span>>endobj1959 0 obj<</ActualText(ï¿½ï¿½0o)/K 45/P 2126 0 R/Pg 2089 0 R/S/Span>>endobj1960 0 obj<</ActualText(ï¿½ï¿½ä¾µSï½»g å£“)/K 46/P 2126 0 R/Pg 2089 0 R/S/Span>>endobj1961 0 obj<</ActualText(ï¿½ï¿½0æ–­îŒ•ï½°)/K 47/P 2126 0 R/Pg 2089 0 R/S/Span>>endobj1962 0 obj<</ActualText(ï¿½ï¿½0W0)/K 48/P 2126 0 R/Pg 2089 0 R/S/Span>>endobj1963 0 obj<</ActualText(99.1)/K 49/P 2126 0 R/Pg 2089 0 R/S/Span>>endobj1964 0 obj<</ActualText(ï¿½ï¿½ï¿½)/K 50/P 2126 0 R/Pg 2089 0 R/S/Span>>endobj1965 0 obj<</ActualText(ï¿½ï¿½0h)/K 51/P 2126 0 R/Pg 2089 0 R/S/Span>>endobj1966 0 obj<</ActualText(ï¿½ï¿½0j0c)/K 52/P 2126 0 R/Pg 2089 0 R/S/Span>>endobj1967 0 obj<</ActualText(ï¿½ï¿½0_)/K 53/P 2126 0 R/Pg 2089 0 R/S/Span>>endobj1968 0 obj<</ActualText(ï¿½ï¿½0)/K 54/P 2126 0 R/Pg 2089 0 R/S/Span>>endobj1969 0 obj<</ActualText( )/K 55/P 2126 0 R/Pg 2089 0 R/S/Span>>endobj1970 0 obj<</ActualText( )/K 56/P 2127 0 R/Pg 2089 0 R/S/Span>>endobj1971 0 obj<</ActualText(ï¿½ï¿½ï¿½)/K 57/P 2128 0 R/Pg 2089 0 R/S/Span>>endobj1972 0 obj<</ActualText( )/K 58/P 2128 0 R/Pg 2089 0 R/S/Span>>endobj1973 0 obj<</ActualText(ï¿½ï¿½ï¿½ï¿½z)/K 59/P 2128 0 R/Pg 2089 0 R/S/Span>>endobj1974 0 obj<</ActualText(ï¿½ï¿½N ï¿½,R)/K 60/P 2128 0 R/Pg 2089 0 R/S/Span>>endobj1975 0 obj<</ActualText(ï¿½ï¿½ï¿½è¬€0OPNï½ºï¿½ï¿½lzï¿½	)/K 61/P 2128 0 R/Pg 2089 0 R/S/Span>>endobj1976 0 obj<</ActualText(ï¿½ï¿½0n)/K 62/P 2128 0 R/Pg 2089 0 R/S/Span>>endobj1977 0 obj<</ActualText(ï¿½ï¿½rï½¶lï¾)/K 63/P 2128 0 R/Pg 2089 0 R/S/Span>>endobj1978 0 obj<</ActualText( )/K 64/P 2128 0 R/Pg 2089 0 R/S/Span>>endobj1979 0 obj<</ActualText(ï¿½ï¿½%ï¾‹)/K 65/P 2129 0 R/Pg 2089 0 R/S/Span>>endobj1980 0 obj<</ActualText( )/K 66/P 2129 0 R/Pg 2089 0 R/S/Span>>endobj1981 0 obj<</ActualText(ï¿½ï¿½_ï½´Sï¾sï¿½0o)/K 67/P 2129 0 R/Pg 2089 0 R/S/Span>>endobj1982 0 obj<</ActualText(ï¿½ï¿½0)/K 68/P 2129 0 R/Pg 2089 0 R/S/Span>>endobj1983 0 obj<</ActualText(ï¿½ï¿½ä¾µSï½»g å£“0æ–­îŒ•ï½°0W0_RM^t^ï½¦0n)/K 69/P 2129 0 R/Pg 2089 0 R/S/Span>>endo